_key,list_name
1000,
999,facilitate
998,dynamic
997,SSL Electronics
996,payment Money
995,input Falls circuit
994,
993,
992,
991,Practical Kansas
990,
989,applications incremental Island
988,Cambridgeshire
987,leverage e-enable
986,
985,
984,Division Estates copying
983,Buckinghamshire Guernsey
982,Product connect auxiliary
981,
980,
979,Berkshire
978,Home
977,channels revolutionary Norway
976,Music ivory
975,
974,COM Bike up
973,virtual Granite
972,optical Loan
971,digital capacitor redundant
970,
969,Customer
968,National CSS Infrastructure
967,monitor
966,indexing
965,magnetic Fresh Loan
964,Kids Computers
963,Associate Berkshire Gold
962,Mouse Texas Steel
961,Cedi SDD Supervisor
960,silver calculating
959,Assurance
958,
957,Beauty Toys
956,Coordinator
955,Car solution-oriented up
954,
953,navigating deliverables Bedfordshire
952,implement
951,
950,
949,invoice
948,payment Kuwaiti payment
947,Causeway Road Customer
946,
945,networks Baht
944,Money Digitized
943,Producer
942,mobile
941,
940,Account full-range Checking
939,Personal SMTP
938,the Organic payment
937,Union
936,Account
935,Rustic Missouri
934,Cambridgeshire PNG bus
933,
932,Industrial Response
931,invoice users
930,
929,
928,
927,scalable
926,
925,Metal
924,monetize
923,port
922,mission-critical
921,
920,Rican
919,
918,
917,Maine
916,intermediate
915,Handcrafted
914,wireless Handmade
913,array uniform
912,quantifying Diverse discrete
911,reinvent
910,Practical Hryvnia panel
909,
908,Kansas
907,
906,New
905,Road
904,Pants orchestrate
903,intangible policy
902,Plains payment seize
901,Incredible connecting
900,Legacy
899,JBOD
898,
897,
896,Mouse
895,Delaware Grocery
894,Business-focused deposit
893,Concrete Cotton
892,
891,Massachusetts Generic microchip
890,
889,Data
888,Ameliorated project Industrial
887,
886,needs-based initiative
885,
884,Vermont red innovate
883,
882,
881,circuit
880,
879,Borders
878,compressing User-friendly
877,
876,back
875,
874,deposit Anguilla
873,Bacon indexing neural
872,Fantastic Kina THX
871,world-class
870,Bedfordshire Ergonomic
869,systems
868,Bedfordshire Engineer
867,parsing
866,program withdrawal Investment
865,
864,
863,sky Uganda Central
862,
861,Coordinator
860,backing synthesize
859,
858,
857,Persevering e-markets Concrete
856,improvement South
855,Administrator Berkshire alarm
854,
853,
852,
851,
850,
849,Implemented virtual
848,distributed
847,
846,groupware generating
845,Customer Wisconsin Electronics
844,solid Croatian Kwacha
843,up parse compressing
842,analyzing
841,
840,
839,panel Health
838,e-commerce incubate Dynamic
837,
836,program
835,
834,Personal Tenge Avon
833,parallelism deposit
832,
831,
830,
829,time-frame
828,
827,
826,Saint relationships 9(E.U.A.-9)
825,
824,
823,models interactive
822,Ball attitude-oriented generate
821,cross-platform global Chief
820,
819,parsing Distributed
818,Prairie Avon Representative
817,Car reinvent
816,overriding
815,Honduras fault-tolerant Incredible
814,
813,Refined Pants
812,
811,Gorgeous Granite SSL
810,
809,Director schemas
808,Islands
807,
806,bluetooth indigo
805,
804,
803,
802,Tasty Coordinator Cotton
801,Solutions
800,salmon Usability Cambridgeshire
799,Verde
798,cyan zero
797,Generic Car
796,
795,Tactics Internal
794,Computer
793,e-business
792,Investment online
791,Indiana hour Global
790,bricks-and-clicks Shore
789,Account
788,
787,Computer
786,unleash
785,FTP Fish applications
784,Rustic Account
783,
782,
781,state Buckinghamshire
780,Harbor bottom-line visualize
779,support Kids Industrial
778,Egyptian
777,CSS Optimization out-of-the-box
776,Pants Pennsylvania
775,
774,Cambridgeshire Handmade virtual
773,drive Configurable
772,Rubber hacking
771,Antillian
770,
769,monitor
768,TCP Integration revolutionize
767,
766,circuit Customer
765,
764,bandwidth encryption
763,withdrawal Group firewall
762,Engineer Flats
761,Tools intangible Sports
760,GB Games
759,
758,Dynamic Salad
757,yellow 24/365
756,interactive collaborative
755,Soap Shoes
754,streamline Account
753,Bulgaria
752,convergence portals
751,
750,mission-critical
749,
748,Factors
747,content-based Small Saudi
746,exploit
745,Books Avon deliverables
744,Hat compelling Tasty
743,Facilitator orchestrate
742,Wallis Manat
741,Program Cotton Refined
740,hack
739,
738,invoice strategize
737,Handmade compressing
736,Berkshire
735,
734,info-mediaries Human
733,drive bus
732,Consultant Account
731,
730,Bedfordshire haptic Grass-roots
729,intermediate global
728,Chair
727,Infrastructure
726,Distributed parse Iowa
725,Fantastic transparent Soft
724,Computers Steel Yemen
723,Fish Front-line Nauru
722,
721,Jewelery Solutions Gateway
720,payment Outdoors next-generation
719,Shirt Home Forward
718,
717,
716,Ville deploy
715,digital Personal
714,transmitter
713,Wall Unbranded
712,grey Fantastic
711,
710,Pants
709,
708,
707,Practical full-range bypass
706,lavender Program Switchable
705,CFA SSL IB
704,Games seize
703,
702,bandwidth Wooden
701,
700,invoice
699,transmitter
698,Shirt Operative
697,e-business vortals
696,quantify Luxembourg Metal
695,
694,Park
693,Practical Expanded
692,orange integrate
691,
690,Gloves mindshare
689,web-readiness contingency Account
688,bypass Branding
687,calculate Idaho virtual
686,
685,blue SMS Pizza
684,Chicken
683,navigating Ergonomic
682,dedicated
681,
680,transmitting copy reboot
679,
678,National methodologies
677,front-end
676,calculate throughput architect
675,
674,secondary Account port
673,
672,throughput RAM world-class
671,invoice National Facilitator
670,
669,whiteboard Burg
668,e-business
667,Towels
666,Industrial yellow redundant
665,Security efficient Louisiana
664,ADP copying
663,Cayman users hardware
662,
661,
660,
659,Checking Bedfordshire Peru
658,Director
657,object-oriented Intelligent
656,bypass dot-com Pants
655,unleash regional generate
654,Idaho invoice strategize
653,transmitter
652,synthesizing Generic primary
651,CSS embrace
650,transmitter methodologies gold
649,
648,Gloves Roads Principal
647,Cotton Plastic Fresh
646,Keyboard Delaware
645,New groupware
644,Indiana Avon
643,Pre-emptive
642,
641,Bike
640,Fiji Account
639,e-business
638,Planner Handcrafted
637,quantify
636,Grocery Plastic Lempira
635,Personal engineer Principal
634,grey 1080p withdrawal
633,Producer invoice revolutionize
632,Quality
631,
630,navigating hack
629,
628,background monetize Villages
627,virtual grey
626,Rubber Rustic
625,
624,Open-architected Account
623,Myanmar
622,wireless functionalities
621,
620,
619,visionary hard
618,Fish Balanced
617,Cambridgeshire
616,Ways cross-platform Soap
615,yellow indexing channels
614,Outdoors ability
613,invoice
612,
611,Uzbekistan users
610,productivity Soap Account
609,
608,Creative envisioneer Mobility
607,parse
606,Market systems
605,Soft Baby Dynamic
604,Internal transmitting Frozen
603,invoice Cambridgeshire
602,
601,Supervisor Manager
600,synthesize
599,payment Tasty Planner
598,Chief
597,Rustic Cotton Card
596,synthesizing monetize
595,Cheese
594,matrix and
593,Bike Distributed Frozen
592,program
591,
590,Granite Burgs
589,Guilder pricing
588,infomediaries Mouse generate
587,Soft dedicated AI
586,Virtual target Ports
585,Refined lime Multi-tiered
584,Assurance
583,Games generating
582,Nepalese
581,Account
580,multi-byte Zimbabwe Michigan
579,invoice Card Gorgeous
578,Cambridgeshire PCI
577,
576,
575,Credit Samoa calculate
574,capacitor
573,
572,
571,Jordan
570,Fantastic Cotton
569,programming magenta capacitor
568,SMTP International
567,Borders
566,
565,
564,calculating
563,Engineer deposit UAE
562,Garden interface Avon
561,copying deliverables grey
560,Human
559,
558,Industrial hardware
557,
556,Guinea Ohio
555,
554,cross-platform Lock Pants
553,invoice
552,
551,
550,Soft EXE Bypass
549,
548,Generic
547,Shoes Industrial asymmetric
546,
545,Points capacitor Paraguay
544,Orchestrator Producer
543,navigating azure installation
542,Metal Handcrafted Integration
541,Developer Licensed Macao
540,parse
539,Team-oriented
538,bypassing
537,
536,
535,card Human
534,quantify
533,system Pizza
532,input Account
531,
530,
529,
528,
527,
526,Chicken
525,Wyoming Producer
524,Dynamic Florida
523,enterprise RSS Cambridgeshire
522,Consultant circuit Games
521,
520,
519,methodical Bedfordshire Practical
518,GB
517,synthesizing
516,Practical
515,cross-platform
514,iterate
513,Small SSL
512,Helena Dakota Car
511,capacitor
510,Pakistan Island AI
509,Adaptive Communications
508,Azerbaijanian
507,1080p
506,
505,
504,neural backing
503,redefine Architect Programmable
502,envisioneer
501,Indiana deliverables
500,tan Mouse
499,Principal
498,
497,Branding invoice Intelligent
496,
495,
494,Shirt
493,Steel
492,
491,Montana teal
490,
489,Bridge salmon
488,Account
487,
486,
485,Forward
484,
483,optical
482,
481,
480,
479,Minnesota Dynamic
478,Hryvnia
477,
476,Cotton
475,
474,Car revolutionary
473,Granite
472,programming Pizza
471,Oklahoma
470,bypass synergies
469,navigate bypass
468,orchid
467,Tasty SSL attitude
466,Vermont
465,Gloves
464,
463,olive Key cross-media
462,
461,Darussalam New exuding
460,embrace
459,SQL Delaware violet
458,e-business
457,generating
456,XSS
455,
454,deposit
453,transmitting Extended teal
452,Savings Avon
451,
450,Key Fresh Programmable
449,Customer Markets National
448,Analyst relationships Dinar
447,Wooden content-based incubate
446,transmit Market
445,invoice quantify
444,
443,SMTP
442,Rubber
441,Kina Beauty
440,quantifying Bike
439,Avon challenge
438,CSS Carolina Unbranded
437,system
436,SMS
435,Communications Card Assimilated
434,Path platforms
433,withdrawal modular
432,
431,
430,end-to-end Sports
429,
428,
427,brand Dynamic indexing
426,stable
425,Palladium
424,1080p ADP Engineer
423,Iraq Loan interface
422,white
421,
420,Practical Buckinghamshire Taiwan
419,
418,
417,
416,syndicate Optimization
415,circuit
414,
413,Cordoba Alabama
412,Berkshire systemic
411,reboot Garden Lights
410,Gloves deposit Venezuela
409,uniform olive
408,loyalty synthesize
407,Grove Specialist modular
406,parallelism Orchestrator
405,Buckinghamshire
404,Mobility Handmade
403,
402,Florida Sports
401,
400,innovate
399,Pizza
398,invoice visualize
397,metrics User-friendly
396,
395,Plastic
394,
393,Oregon Buckinghamshire Licensed
392,online facilitate
391,
390,Netherlands Buckinghamshire
389,application Cross-platform
388,Tasty real-time digital
387,Soft Congolese
386,
385,
384,
383,
382,cross-media solid
381,calculating Belgium Sports
380,Division 24/7 Checking
379,Chicken
378,
377,Sausages
376,Georgia
375,
374,
373,
372,Rustic
371,Triple-buffered Soft
370,input
369,Bacon time-frame
368,Ball cyan Future
367,leverage reintermediate infrastructure
366,payment
365,Chicken
364,Montana Borders
363,auxiliary
362,Toys Bedfordshire Pennsylvania
361,generate
360,
359,
358,Leu envisioneer
357,Paradigm Ergonomic
356,compress upward-trending
355,Fresh end-to-end
354,
353,disintermediate
352,Practical
351,neural local Borders
350,Ferry
349,generation program Cambridgeshire
348,cyan neutral
347,Generic Frozen
346,
345,aggregate Handmade
344,Communications
343,Market Fresh
342,grow Dakota technologies
341,Cross-group IB
340,Account Down-sized
339,Account maximized up
338,Shirt
337,Avon
336,Wall
335,Auto
334,
333,Shoes
332,Tokelau
331,Representative connecting
330,HDD
329,1080p Cambridgeshire Tactics
328,
327,Dynamic
326,methodical
325,invoice
324,architectures
323,Buckinghamshire
322,Customer
321,
320,matrix
319,
318,
317,Lucia Checking Niger
316,National
315,
314,
313,benchmark Accounts
312,
311,end-to-end
310,Handcrafted
309,Cambridgeshire
308,Louisiana back-end target
307,
306,Utah
305,Integrated Games redefine
304,Maryland bluetooth Tasty
303,Granite JBOD
302,parallelism Shoes next
301,
300,
299,Auto Spurs deposit
298,Island Liaison Practical
297,
296,Metal
295,cross-platform Internal
294,driver Solutions Future
293,morph
292,European
291,Soft
290,
289,Games Intelligent Movies
288,Human Facilitator software
287,up end-to-end
286,Bedfordshire
285,transform ROI
284,back
283,generating portals
282,
281,synergies Liechtenstein
280,neural-net
279,Outdoors Handmade concept
278,Utah
277,magenta Checking Soft
276,
275,Credit Global productize
274,
273,copying Concrete Cambridgeshire
272,groupware Island Balanced
271,Bahamian Gorgeous viral
270,
269,Research
268,turn-key experiences Coordinator
267,Saint
266,RSS Lithuania
265,actuating AGP Bhutanese
264,Rubber generation Leu
263,Dinar Cotton
262,Steel SAS
261,Shirt XML Keyboard
260,e-tailers Account Key
259,Soft Research
258,bypassing impactful
257,Pants Metrics Indonesia
256,Poland Nakfa
255,Dollar Ameliorated
254,
253,orange synthesizing
252,SMTP transparent
251,Markets Turkmenistan
250,
249,
248,withdrawal Right-sized withdrawal
247,Avon
246,
245,flexibility e-markets Optimized
244,Central
243,Azerbaijan
242,Bike
241,Pants
240,exploit Stream
239,Principal SDR
238,
237,Timor-Leste
236,
235,Principal Rubber Ball
234,PCI Account Reactive
233,quantify extensible
232,back-end world-class
231,Auto
230,
229,Savings Bahamian Rubber
228,B2B AGP
227,Passage generation e-services
226,payment
225,SCSI
224,Solutions Intelligent Computers
223,EXE
222,Plastic
221,Liaison Vermont
220,
219,Oman
218,Rubber
217,
216,
215,Gorgeous Steel Generic
214,supply-chains matrix Consultant
213,
212,Street Reverse-engineered
211,Designer
210,deposit Account Zealand
209,
208,Pizza GB Persevering
207,Front-line
206,sensor Lempira
205,Product
204,Soap Buckinghamshire Cambridgeshire
203,e-commerce front-end
202,
201,Iran transmitter Avon
200,Investor to
199,Pataca
198,copy plum indigo
197,seize
196,
195,Handmade initiatives Lempira
194,Generic Movies metrics
193,Handmade Manager
192,TCP
191,Automotive JBOD
190,withdrawal tan
189,Configuration Towels up
188,
187,Frozen Concrete
186,
185,
184,
183,Argentina
182,
181,Analyst program Idaho
180,
179,application Incredible
178,Cheese Unions
177,Incredible
176,Markets Bedfordshire Research
175,
174,asynchronous interfaces invoice
173,Electronics
172,
171,Fish Pound Synergistic
170,Representative
169,
168,
167,Handmade South Louisiana
166,Administrator payment granular
165,Yuan payment Sterling
164,ivory Leone payment
163,Tennessee SDD
162,connecting
161,Sports Kentucky
160,Montana
159,protocol
158,generate generating Tools
157,Islands digital up
156,Soap
155,Customer Dollar Maryland
154,Generic Communications Montana
153,Savings state Borders
152,Director reboot Peso
151,deposit Books bus
150,dynamic Ball
149,Maryland forecast
148,Lodge Tunisia
147,hacking Mountains Internal
146,
145,Sudan Ergonomic
144,ivory Loan Wooden
143,yellow
142,JSON
141,Senior customer
140,
139,core
138,Dong evolve Future
137,dynamic Jewelery program
136,synergize
135,access
134,ivory
133,Facilitator
132,
131,Handmade Island infrastructure
130,Beauty Intranet Cambridgeshire
129,
128,Colorado
127,Cotton synergistic
126,Business-focused Optimization Identity
125,Ramp attitude deposit
124,functionalities Jamaica
123,
122,
121,Avenue Portugal Kids
120,paradigms Plastic
119,
118,bypass
117,ROI Lead Outdoors
116,Buckinghamshire tangible
115,Vermont invoice Berkshire
114,models
113,repurpose
112,Global
111,Malagasy Money
110,Concrete
109,
108,Cambridgeshire
107,Guinea
106,invoice Associate Interactions
105,Mountain Wooden 3rd
104,
103,connect 24/365 Automated
102,Pizza
101,protocol web-enabled Centralized
100,Bedfordshire incremental
99,Handmade
98,Investment Oklahoma analyzer
97,customized eco-centric
96,Dinar Kwacha optimizing
95,Handcrafted Cross-group mint
94,ivory
93,Borders Account Dollar
92,Stream global
91,Buckinghamshire navigating brand
90,Assistant
89,Optional collaborative Mission
88,
87,neural digital Alabama
86,solution transmitting Ohio
85,Anguilla Israel
84,Buckinghamshire Multi-channelled firmware
83,envisioneer withdrawal indexing
82,programming Assurance Fresh
81,magenta
80,Cape generation
79,Buckinghamshire Checking
78,transmitting
77,FTP
76,hacking Borders
75,Roads Fantastic
74,Intelligent Uganda Handcrafted
73,
72,grey Chad Avon
71,Movies efficient program
70,Concrete
69,Object-based Central cross-platform
68,networks e-commerce generating
67,(Slovak
66,
65,
64,Consultant
63,
62,channels Account
61,Facilitator
60,Re-contextualized dot-com
59,Account Switzerland action-items
58,eyeballs
57,Tonga
56,
55,Kansas Alley indigo
54,
53,
52,protocol Sausages
51,state capacitor deposit
50,
49,Bolivar
48,
47,
46,
45,Points
44,firewall
43,Cotton Small Specialist
42,Configuration Expressway Car
41,
40,
39,administration calculating
38,blue Roads back-end
37,Cambridgeshire back-end
36,
35,Manager
34,
33,Wooden olive
32,
31,
30,contingency
29,Cedi Practical
28,Valleys Senior
27,optical
26,Ford
25,Paradigm deposit throughput
24,Micronesia
23,
22,interface
21,Norway
20,
19,
18,Sharable
17,
16,Tasty XSS withdrawal
15,
14,Refined programming Steel
13,ubiquitous quantify
12,withdrawal deposit framework
11,deposit Unbranded
10,
9,
8,
7,Guyana matrices Handcrafted
6,
5,Russian
4,open-source Future
3,
2,bypassing Frozen Open-source
1,quantify Senior
