_from,_to
users/438,favorite_lists/257
users/155,favorite_lists/913
users/687,favorite_lists/565
users/276,favorite_lists/733
users/361,favorite_lists/531
users/32,favorite_lists/515
users/266,favorite_lists/37
users/880,favorite_lists/211
users/47,favorite_lists/52
users/168,favorite_lists/956
users/508,favorite_lists/187
users/295,favorite_lists/309
users/305,favorite_lists/203
users/495,favorite_lists/154
users/241,favorite_lists/449
users/707,favorite_lists/790
users/312,favorite_lists/670
users/46,favorite_lists/783
users/711,favorite_lists/147
users/717,favorite_lists/162
users/492,favorite_lists/741
users/537,favorite_lists/393
users/875,favorite_lists/421
users/984,favorite_lists/950
users/301,favorite_lists/172
users/872,favorite_lists/980
users/373,favorite_lists/788
users/590,favorite_lists/850
users/611,favorite_lists/653
users/271,favorite_lists/327
users/977,favorite_lists/202
users/503,favorite_lists/37
users/730,favorite_lists/866
users/302,favorite_lists/577
users/492,favorite_lists/829
users/216,favorite_lists/238
users/14,favorite_lists/979
users/372,favorite_lists/551
users/63,favorite_lists/328
users/786,favorite_lists/133
users/113,favorite_lists/265
users/881,favorite_lists/90
users/681,favorite_lists/373
users/219,favorite_lists/973
users/475,favorite_lists/944
users/654,favorite_lists/440
users/9,favorite_lists/196
users/512,favorite_lists/333
users/880,favorite_lists/279
users/527,favorite_lists/917
users/761,favorite_lists/749
users/91,favorite_lists/748
users/841,favorite_lists/882
users/605,favorite_lists/591
users/494,favorite_lists/888
users/15,favorite_lists/297
users/57,favorite_lists/88
users/114,favorite_lists/536
users/251,favorite_lists/743
users/157,favorite_lists/935
users/851,favorite_lists/615
users/685,favorite_lists/976
users/572,favorite_lists/449
users/516,favorite_lists/853
users/239,favorite_lists/669
users/975,favorite_lists/978
users/804,favorite_lists/404
users/621,favorite_lists/925
users/393,favorite_lists/155
users/21,favorite_lists/463
users/570,favorite_lists/11
users/712,favorite_lists/55
users/915,favorite_lists/65
users/988,favorite_lists/136
users/578,favorite_lists/851
users/39,favorite_lists/898
users/737,favorite_lists/303
users/952,favorite_lists/159
users/662,favorite_lists/978
users/799,favorite_lists/294
users/636,favorite_lists/680
users/13,favorite_lists/259
users/926,favorite_lists/905
users/170,favorite_lists/79
users/989,favorite_lists/142
users/472,favorite_lists/732
users/930,favorite_lists/20
users/866,favorite_lists/103
users/4,favorite_lists/366
users/162,favorite_lists/828
users/964,favorite_lists/668
users/743,favorite_lists/413
users/711,favorite_lists/872
users/315,favorite_lists/789
users/454,favorite_lists/658
users/520,favorite_lists/591
users/555,favorite_lists/844
users/865,favorite_lists/870
users/40,favorite_lists/766
users/677,favorite_lists/655
users/456,favorite_lists/125
users/301,favorite_lists/998
users/903,favorite_lists/980
users/342,favorite_lists/313
users/805,favorite_lists/101
users/926,favorite_lists/113
users/833,favorite_lists/894
users/975,favorite_lists/850
users/364,favorite_lists/384
users/490,favorite_lists/951
users/223,favorite_lists/569
users/333,favorite_lists/649
users/979,favorite_lists/21
users/190,favorite_lists/623
users/834,favorite_lists/675
users/432,favorite_lists/138
users/239,favorite_lists/973
users/594,favorite_lists/346
users/609,favorite_lists/926
users/938,favorite_lists/348
users/741,favorite_lists/495
users/290,favorite_lists/352
users/720,favorite_lists/456
users/691,favorite_lists/443
users/25,favorite_lists/589
users/100,favorite_lists/56
users/639,favorite_lists/349
users/405,favorite_lists/145
users/181,favorite_lists/333
users/9,favorite_lists/783
users/95,favorite_lists/213
users/195,favorite_lists/225
users/84,favorite_lists/498
users/500,favorite_lists/130
users/142,favorite_lists/765
users/473,favorite_lists/195
users/979,favorite_lists/715
users/349,favorite_lists/142
users/125,favorite_lists/361
users/782,favorite_lists/304
users/907,favorite_lists/759
users/983,favorite_lists/864
users/505,favorite_lists/471
users/59,favorite_lists/199
users/392,favorite_lists/577
users/462,favorite_lists/200
users/355,favorite_lists/533
users/363,favorite_lists/4
users/206,favorite_lists/415
users/461,favorite_lists/32
users/201,favorite_lists/782
users/639,favorite_lists/500
users/819,favorite_lists/165
users/868,favorite_lists/818
users/676,favorite_lists/661
users/9,favorite_lists/313
users/855,favorite_lists/82
users/239,favorite_lists/121
users/873,favorite_lists/906
users/625,favorite_lists/939
users/207,favorite_lists/102
users/456,favorite_lists/309
users/132,favorite_lists/644
users/794,favorite_lists/465
users/935,favorite_lists/310
users/392,favorite_lists/374
users/833,favorite_lists/194
users/176,favorite_lists/717
users/153,favorite_lists/456
users/227,favorite_lists/323
users/754,favorite_lists/945
users/346,favorite_lists/348
users/968,favorite_lists/367
users/292,favorite_lists/622
users/758,favorite_lists/391
users/218,favorite_lists/454
users/462,favorite_lists/654
users/348,favorite_lists/424
users/178,favorite_lists/268
users/259,favorite_lists/962
users/428,favorite_lists/615
users/253,favorite_lists/170
users/124,favorite_lists/32
users/991,favorite_lists/835
users/279,favorite_lists/982
users/957,favorite_lists/923
users/945,favorite_lists/214
users/503,favorite_lists/311
users/790,favorite_lists/395
users/624,favorite_lists/771
users/613,favorite_lists/639
users/787,favorite_lists/164
users/508,favorite_lists/144
users/383,favorite_lists/524
users/942,favorite_lists/845
users/513,favorite_lists/426
users/178,favorite_lists/934
users/782,favorite_lists/36
users/641,favorite_lists/375
users/45,favorite_lists/511
users/996,favorite_lists/628
users/820,favorite_lists/375
users/977,favorite_lists/269
users/857,favorite_lists/487
users/847,favorite_lists/10
users/387,favorite_lists/887
users/249,favorite_lists/305
users/232,favorite_lists/256
users/640,favorite_lists/362
users/179,favorite_lists/359
users/745,favorite_lists/616
users/991,favorite_lists/185
users/267,favorite_lists/741
users/29,favorite_lists/192
users/381,favorite_lists/469
users/35,favorite_lists/508
users/72,favorite_lists/695
users/715,favorite_lists/996
users/646,favorite_lists/901
users/572,favorite_lists/427
users/693,favorite_lists/404
users/506,favorite_lists/214
users/931,favorite_lists/256
users/835,favorite_lists/984
users/979,favorite_lists/997
users/281,favorite_lists/205
users/483,favorite_lists/224
users/949,favorite_lists/22
users/210,favorite_lists/370
users/386,favorite_lists/69
users/291,favorite_lists/32
users/56,favorite_lists/263
users/813,favorite_lists/527
users/294,favorite_lists/78
users/95,favorite_lists/7
users/47,favorite_lists/39
users/866,favorite_lists/396
users/333,favorite_lists/160
users/669,favorite_lists/440
users/470,favorite_lists/759
users/447,favorite_lists/932
users/858,favorite_lists/621
users/114,favorite_lists/799
users/744,favorite_lists/228
users/996,favorite_lists/780
users/749,favorite_lists/674
users/530,favorite_lists/982
users/633,favorite_lists/850
users/665,favorite_lists/295
users/372,favorite_lists/940
users/994,favorite_lists/301
users/703,favorite_lists/703
users/928,favorite_lists/902
users/823,favorite_lists/432
users/196,favorite_lists/874
users/566,favorite_lists/801
users/385,favorite_lists/535
users/595,favorite_lists/682
users/151,favorite_lists/935
users/154,favorite_lists/920
users/261,favorite_lists/809
users/917,favorite_lists/869
users/363,favorite_lists/133
users/79,favorite_lists/507
users/772,favorite_lists/737
users/554,favorite_lists/778
users/87,favorite_lists/130
users/328,favorite_lists/117
users/486,favorite_lists/442
users/435,favorite_lists/121
users/83,favorite_lists/255
users/288,favorite_lists/128
users/300,favorite_lists/437
users/394,favorite_lists/309
users/49,favorite_lists/612
users/811,favorite_lists/255
users/585,favorite_lists/157
users/474,favorite_lists/830
users/989,favorite_lists/376
users/124,favorite_lists/950
users/529,favorite_lists/949
users/275,favorite_lists/940
users/625,favorite_lists/772
users/297,favorite_lists/179
users/364,favorite_lists/778
users/720,favorite_lists/665
users/495,favorite_lists/377
users/857,favorite_lists/323
users/362,favorite_lists/707
users/838,favorite_lists/709
users/594,favorite_lists/542
users/818,favorite_lists/738
users/280,favorite_lists/120
users/798,favorite_lists/78
users/346,favorite_lists/99
users/106,favorite_lists/836
users/677,favorite_lists/39
users/944,favorite_lists/950
users/723,favorite_lists/892
users/316,favorite_lists/159
users/66,favorite_lists/152
users/758,favorite_lists/966
users/658,favorite_lists/551
users/675,favorite_lists/349
users/206,favorite_lists/528
users/158,favorite_lists/819
users/726,favorite_lists/400
users/346,favorite_lists/652
users/116,favorite_lists/491
users/990,favorite_lists/644
users/191,favorite_lists/192
users/576,favorite_lists/783
users/669,favorite_lists/125
users/662,favorite_lists/999
users/23,favorite_lists/135
users/963,favorite_lists/544
users/599,favorite_lists/439
users/469,favorite_lists/763
users/35,favorite_lists/294
users/409,favorite_lists/565
users/68,favorite_lists/924
users/148,favorite_lists/882
users/93,favorite_lists/595
users/230,favorite_lists/187
users/40,favorite_lists/4
users/840,favorite_lists/959
users/549,favorite_lists/886
users/389,favorite_lists/133
users/153,favorite_lists/867
users/511,favorite_lists/812
users/503,favorite_lists/705
users/51,favorite_lists/912
users/959,favorite_lists/545
users/542,favorite_lists/231
users/283,favorite_lists/733
users/621,favorite_lists/273
users/868,favorite_lists/906
users/722,favorite_lists/297
users/192,favorite_lists/350
users/202,favorite_lists/270
users/850,favorite_lists/404
users/158,favorite_lists/900
users/282,favorite_lists/140
users/848,favorite_lists/46
users/575,favorite_lists/508
users/50,favorite_lists/438
users/208,favorite_lists/303
users/652,favorite_lists/394
users/423,favorite_lists/364
users/376,favorite_lists/188
users/822,favorite_lists/194
users/257,favorite_lists/741
users/779,favorite_lists/497
users/301,favorite_lists/569
users/224,favorite_lists/505
users/884,favorite_lists/740
users/151,favorite_lists/760
users/570,favorite_lists/77
users/361,favorite_lists/884
users/325,favorite_lists/211
users/833,favorite_lists/166
users/50,favorite_lists/18
users/554,favorite_lists/196
users/896,favorite_lists/548
users/958,favorite_lists/343
users/440,favorite_lists/482
users/485,favorite_lists/991
users/750,favorite_lists/743
users/93,favorite_lists/641
users/249,favorite_lists/418
users/638,favorite_lists/718
users/630,favorite_lists/698
users/884,favorite_lists/224
users/667,favorite_lists/404
users/386,favorite_lists/888
users/756,favorite_lists/301
users/60,favorite_lists/23
users/984,favorite_lists/78
users/525,favorite_lists/533
users/177,favorite_lists/144
users/185,favorite_lists/853
users/543,favorite_lists/592
users/900,favorite_lists/948
users/325,favorite_lists/606
users/351,favorite_lists/70
users/436,favorite_lists/233
users/498,favorite_lists/584
users/704,favorite_lists/595
users/440,favorite_lists/378
users/824,favorite_lists/885
users/365,favorite_lists/900
users/48,favorite_lists/598
users/905,favorite_lists/484
users/120,favorite_lists/962
users/357,favorite_lists/988
users/454,favorite_lists/736
users/629,favorite_lists/68
users/425,favorite_lists/841
users/658,favorite_lists/845
users/630,favorite_lists/907
users/777,favorite_lists/117
users/873,favorite_lists/460
users/650,favorite_lists/902
users/899,favorite_lists/69
users/473,favorite_lists/854
users/644,favorite_lists/247
users/951,favorite_lists/902
users/145,favorite_lists/663
users/491,favorite_lists/775
users/68,favorite_lists/492
users/578,favorite_lists/364
users/822,favorite_lists/872
users/386,favorite_lists/163
users/3,favorite_lists/259
users/47,favorite_lists/542
users/679,favorite_lists/91
users/86,favorite_lists/321
users/70,favorite_lists/21
users/447,favorite_lists/609
users/811,favorite_lists/318
users/910,favorite_lists/25
users/442,favorite_lists/248
users/83,favorite_lists/414
users/493,favorite_lists/246
users/624,favorite_lists/289
users/601,favorite_lists/184
users/589,favorite_lists/344
users/518,favorite_lists/598
users/163,favorite_lists/793
users/24,favorite_lists/622
users/370,favorite_lists/991
users/879,favorite_lists/246
users/205,favorite_lists/954
users/986,favorite_lists/427
users/945,favorite_lists/533
users/260,favorite_lists/119
users/867,favorite_lists/239
users/373,favorite_lists/728
users/561,favorite_lists/320
users/313,favorite_lists/332
users/7,favorite_lists/390
users/379,favorite_lists/159
users/341,favorite_lists/799
users/431,favorite_lists/465
users/820,favorite_lists/109
users/573,favorite_lists/22
users/994,favorite_lists/960
users/676,favorite_lists/477
users/626,favorite_lists/248
users/789,favorite_lists/847
users/18,favorite_lists/514
users/829,favorite_lists/666
users/54,favorite_lists/828
users/210,favorite_lists/473
users/530,favorite_lists/875
users/668,favorite_lists/7
users/610,favorite_lists/991
users/957,favorite_lists/480
users/973,favorite_lists/911
users/835,favorite_lists/961
users/958,favorite_lists/693
users/112,favorite_lists/457
users/81,favorite_lists/495
users/445,favorite_lists/722
users/417,favorite_lists/399
users/865,favorite_lists/609
users/784,favorite_lists/71
users/704,favorite_lists/539
users/434,favorite_lists/863
users/927,favorite_lists/56
users/930,favorite_lists/371
users/78,favorite_lists/573
users/224,favorite_lists/395
users/58,favorite_lists/347
users/298,favorite_lists/481
users/929,favorite_lists/967
users/462,favorite_lists/687
users/90,favorite_lists/277
users/321,favorite_lists/634
users/358,favorite_lists/730
users/738,favorite_lists/721
users/334,favorite_lists/685
users/294,favorite_lists/868
users/419,favorite_lists/126
users/305,favorite_lists/210
users/199,favorite_lists/403
users/509,favorite_lists/793
users/160,favorite_lists/497
users/727,favorite_lists/481
users/544,favorite_lists/971
users/566,favorite_lists/783
users/155,favorite_lists/385
users/510,favorite_lists/844
users/582,favorite_lists/669
users/198,favorite_lists/769
users/652,favorite_lists/226
users/778,favorite_lists/566
users/271,favorite_lists/719
users/182,favorite_lists/314
users/310,favorite_lists/992
users/629,favorite_lists/857
users/722,favorite_lists/35
users/386,favorite_lists/732
users/216,favorite_lists/120
users/240,favorite_lists/160
users/7,favorite_lists/957
users/400,favorite_lists/273
users/576,favorite_lists/870
users/251,favorite_lists/970
users/636,favorite_lists/751
users/887,favorite_lists/201
users/104,favorite_lists/283
users/279,favorite_lists/441
users/574,favorite_lists/348
users/391,favorite_lists/725
users/134,favorite_lists/755
users/811,favorite_lists/955
users/839,favorite_lists/977
users/376,favorite_lists/161
users/271,favorite_lists/994
users/277,favorite_lists/223
users/867,favorite_lists/706
users/545,favorite_lists/609
users/982,favorite_lists/0
users/392,favorite_lists/356
users/904,favorite_lists/71
users/916,favorite_lists/593
users/458,favorite_lists/13
users/551,favorite_lists/477
users/598,favorite_lists/766
users/229,favorite_lists/75
users/702,favorite_lists/250
users/708,favorite_lists/23
users/506,favorite_lists/291
users/926,favorite_lists/190
users/626,favorite_lists/233
users/717,favorite_lists/934
users/113,favorite_lists/837
users/955,favorite_lists/746
users/136,favorite_lists/648
users/877,favorite_lists/98
users/340,favorite_lists/812
users/512,favorite_lists/791
users/615,favorite_lists/651
users/704,favorite_lists/601
users/986,favorite_lists/753
users/778,favorite_lists/103
users/73,favorite_lists/224
users/589,favorite_lists/268
users/530,favorite_lists/166
users/646,favorite_lists/834
users/677,favorite_lists/436
users/607,favorite_lists/386
users/709,favorite_lists/905
users/773,favorite_lists/253
users/683,favorite_lists/556
users/568,favorite_lists/863
users/77,favorite_lists/729
users/611,favorite_lists/194
users/775,favorite_lists/625
users/16,favorite_lists/417
users/733,favorite_lists/82
users/843,favorite_lists/446
users/271,favorite_lists/609
users/654,favorite_lists/250
users/15,favorite_lists/280
users/601,favorite_lists/415
users/917,favorite_lists/271
users/208,favorite_lists/278
users/469,favorite_lists/331
users/810,favorite_lists/67
users/694,favorite_lists/698
users/231,favorite_lists/7
users/443,favorite_lists/250
users/635,favorite_lists/402
users/218,favorite_lists/527
users/255,favorite_lists/747
users/121,favorite_lists/707
users/282,favorite_lists/523
users/22,favorite_lists/784
users/581,favorite_lists/76
users/417,favorite_lists/769
users/321,favorite_lists/351
users/425,favorite_lists/835
users/367,favorite_lists/128
users/89,favorite_lists/113
users/604,favorite_lists/515
users/890,favorite_lists/57
users/465,favorite_lists/750
users/515,favorite_lists/514
users/848,favorite_lists/580
users/687,favorite_lists/474
users/905,favorite_lists/928
users/707,favorite_lists/430
users/216,favorite_lists/61
users/893,favorite_lists/632
users/389,favorite_lists/746
users/787,favorite_lists/175
users/72,favorite_lists/694
users/183,favorite_lists/354
users/791,favorite_lists/670
users/757,favorite_lists/258
users/877,favorite_lists/606
users/41,favorite_lists/457
users/954,favorite_lists/816
users/441,favorite_lists/81
users/861,favorite_lists/67
users/563,favorite_lists/376
users/580,favorite_lists/298
users/387,favorite_lists/877
users/963,favorite_lists/868
users/687,favorite_lists/77
users/19,favorite_lists/285
users/522,favorite_lists/562
users/36,favorite_lists/340
users/245,favorite_lists/558
users/344,favorite_lists/334
users/360,favorite_lists/582
users/184,favorite_lists/837
users/706,favorite_lists/359
users/523,favorite_lists/76
users/362,favorite_lists/118
users/911,favorite_lists/737
users/950,favorite_lists/325
users/169,favorite_lists/210
users/737,favorite_lists/333
users/143,favorite_lists/715
users/884,favorite_lists/283
users/557,favorite_lists/622
users/917,favorite_lists/23
users/186,favorite_lists/564
users/867,favorite_lists/908
users/817,favorite_lists/136
users/366,favorite_lists/196
users/779,favorite_lists/122
users/716,favorite_lists/238
users/835,favorite_lists/525
users/131,favorite_lists/327
users/949,favorite_lists/628
users/19,favorite_lists/885
users/934,favorite_lists/369
users/968,favorite_lists/67
users/960,favorite_lists/130
users/971,favorite_lists/107
users/968,favorite_lists/827
users/126,favorite_lists/223
users/966,favorite_lists/769
users/509,favorite_lists/830
users/117,favorite_lists/427
users/137,favorite_lists/734
users/162,favorite_lists/841
users/981,favorite_lists/46
users/366,favorite_lists/95
users/821,favorite_lists/759
users/658,favorite_lists/243
users/844,favorite_lists/821
users/755,favorite_lists/430
users/30,favorite_lists/708
users/865,favorite_lists/509
users/0,favorite_lists/377
users/847,favorite_lists/58
users/84,favorite_lists/338
users/362,favorite_lists/77
users/531,favorite_lists/656
users/922,favorite_lists/143
users/406,favorite_lists/864
users/159,favorite_lists/98
users/826,favorite_lists/356
users/158,favorite_lists/468
users/251,favorite_lists/506
users/439,favorite_lists/735
users/212,favorite_lists/212
users/314,favorite_lists/143
users/534,favorite_lists/858
users/341,favorite_lists/847
users/451,favorite_lists/561
users/914,favorite_lists/580
users/135,favorite_lists/578
users/575,favorite_lists/889
users/912,favorite_lists/967
users/816,favorite_lists/433
users/618,favorite_lists/658
users/497,favorite_lists/0
users/22,favorite_lists/383
users/435,favorite_lists/510
users/673,favorite_lists/644
users/798,favorite_lists/24
users/52,favorite_lists/728
users/415,favorite_lists/654
users/548,favorite_lists/799
users/309,favorite_lists/77
users/846,favorite_lists/799
users/227,favorite_lists/409
users/359,favorite_lists/457
users/246,favorite_lists/924
users/316,favorite_lists/356
users/593,favorite_lists/323
users/209,favorite_lists/293
users/854,favorite_lists/125
users/449,favorite_lists/570
users/838,favorite_lists/850
users/416,favorite_lists/435
users/267,favorite_lists/14
users/675,favorite_lists/274
users/101,favorite_lists/143
users/805,favorite_lists/552
users/137,favorite_lists/783
users/825,favorite_lists/707
users/950,favorite_lists/453
users/20,favorite_lists/581
users/338,favorite_lists/826
users/534,favorite_lists/492
users/620,favorite_lists/592
users/919,favorite_lists/363
users/257,favorite_lists/571
users/710,favorite_lists/915
users/320,favorite_lists/602
users/996,favorite_lists/912
users/517,favorite_lists/800
users/233,favorite_lists/595
users/642,favorite_lists/333
users/397,favorite_lists/473
users/527,favorite_lists/656
users/200,favorite_lists/491
users/881,favorite_lists/912
users/658,favorite_lists/715
users/698,favorite_lists/509
users/871,favorite_lists/666
users/335,favorite_lists/391
users/490,favorite_lists/500
users/464,favorite_lists/417
users/313,favorite_lists/790
users/692,favorite_lists/863
users/624,favorite_lists/418
users/606,favorite_lists/93
users/25,favorite_lists/306
users/475,favorite_lists/315
users/506,favorite_lists/306
users/109,favorite_lists/540
users/846,favorite_lists/951
users/923,favorite_lists/456
users/486,favorite_lists/515
users/436,favorite_lists/248
users/350,favorite_lists/233
users/333,favorite_lists/408
users/363,favorite_lists/681
users/610,favorite_lists/98
users/578,favorite_lists/834
users/473,favorite_lists/123
users/335,favorite_lists/17
users/76,favorite_lists/673
users/293,favorite_lists/92
users/43,favorite_lists/554
users/77,favorite_lists/786
users/257,favorite_lists/474
users/190,favorite_lists/387
users/119,favorite_lists/393
users/920,favorite_lists/688
users/304,favorite_lists/532
users/860,favorite_lists/907
users/264,favorite_lists/100
users/312,favorite_lists/776
users/807,favorite_lists/716
users/261,favorite_lists/65
users/345,favorite_lists/287
users/895,favorite_lists/246
users/487,favorite_lists/758
users/865,favorite_lists/586
users/493,favorite_lists/551
users/443,favorite_lists/324
users/687,favorite_lists/976
users/290,favorite_lists/705
users/12,favorite_lists/83
users/262,favorite_lists/759
users/396,favorite_lists/175
users/985,favorite_lists/782
users/59,favorite_lists/732
users/127,favorite_lists/201
users/853,favorite_lists/411
users/752,favorite_lists/17
users/332,favorite_lists/116
users/311,favorite_lists/208
users/142,favorite_lists/882
users/527,favorite_lists/318
users/837,favorite_lists/351
users/724,favorite_lists/128
users/217,favorite_lists/466
users/845,favorite_lists/343
users/521,favorite_lists/363
users/833,favorite_lists/613
users/751,favorite_lists/817
users/535,favorite_lists/842
users/642,favorite_lists/425
users/208,favorite_lists/585
users/872,favorite_lists/246
users/80,favorite_lists/40
users/718,favorite_lists/321
users/575,favorite_lists/969
users/83,favorite_lists/345
users/899,favorite_lists/704
users/49,favorite_lists/507
users/84,favorite_lists/964
users/588,favorite_lists/649
users/177,favorite_lists/306
users/658,favorite_lists/155
users/535,favorite_lists/932
users/629,favorite_lists/286
users/74,favorite_lists/906
users/219,favorite_lists/613
users/9,favorite_lists/244
users/22,favorite_lists/995
users/908,favorite_lists/921
users/123,favorite_lists/824
users/638,favorite_lists/745
users/650,favorite_lists/189
users/359,favorite_lists/378
users/211,favorite_lists/907
users/367,favorite_lists/265
users/991,favorite_lists/687
users/249,favorite_lists/270
users/400,favorite_lists/455
users/525,favorite_lists/585
users/935,favorite_lists/197
users/525,favorite_lists/227
users/589,favorite_lists/618
users/508,favorite_lists/62
users/985,favorite_lists/12
users/933,favorite_lists/817
users/616,favorite_lists/103
users/174,favorite_lists/315
users/3,favorite_lists/546
users/503,favorite_lists/76
users/859,favorite_lists/630
users/113,favorite_lists/34
users/826,favorite_lists/313
users/298,favorite_lists/767
users/214,favorite_lists/675
users/84,favorite_lists/204
users/869,favorite_lists/794
users/243,favorite_lists/604
users/828,favorite_lists/352
users/655,favorite_lists/194
users/365,favorite_lists/610
users/48,favorite_lists/347
users/600,favorite_lists/296
users/871,favorite_lists/523
users/393,favorite_lists/362
users/746,favorite_lists/422
users/195,favorite_lists/713
users/633,favorite_lists/409
users/257,favorite_lists/416
users/340,favorite_lists/721
users/257,favorite_lists/709
users/403,favorite_lists/320
users/355,favorite_lists/540
users/139,favorite_lists/602
users/44,favorite_lists/364
users/888,favorite_lists/494
users/30,favorite_lists/184
users/532,favorite_lists/955
users/696,favorite_lists/842
users/583,favorite_lists/892
users/911,favorite_lists/111
users/989,favorite_lists/2
users/950,favorite_lists/677
users/442,favorite_lists/604
users/740,favorite_lists/756
users/322,favorite_lists/933
users/659,favorite_lists/974
users/589,favorite_lists/762
users/855,favorite_lists/722
users/368,favorite_lists/1000
users/639,favorite_lists/359
users/997,favorite_lists/869
users/667,favorite_lists/804
users/113,favorite_lists/193
users/611,favorite_lists/606
users/398,favorite_lists/975
users/819,favorite_lists/495
users/599,favorite_lists/495
users/407,favorite_lists/62
users/133,favorite_lists/735
users/194,favorite_lists/937
users/240,favorite_lists/343
users/716,favorite_lists/624
users/414,favorite_lists/203
users/983,favorite_lists/257
users/804,favorite_lists/168
users/802,favorite_lists/485
users/610,favorite_lists/1000
users/978,favorite_lists/698
users/158,favorite_lists/604
users/386,favorite_lists/781
users/850,favorite_lists/173
users/181,favorite_lists/900
users/380,favorite_lists/490
users/374,favorite_lists/706
users/702,favorite_lists/433
users/266,favorite_lists/923
users/660,favorite_lists/253
users/339,favorite_lists/870
users/374,favorite_lists/831
users/768,favorite_lists/460
users/416,favorite_lists/617
users/714,favorite_lists/150
users/499,favorite_lists/951
users/590,favorite_lists/705
users/1000,favorite_lists/244
users/560,favorite_lists/658
users/99,favorite_lists/443
users/1000,favorite_lists/892
users/503,favorite_lists/385
users/951,favorite_lists/102
users/972,favorite_lists/836
users/18,favorite_lists/358
users/361,favorite_lists/356
users/979,favorite_lists/150
users/81,favorite_lists/361
users/458,favorite_lists/502
users/659,favorite_lists/663
users/650,favorite_lists/755
users/348,favorite_lists/303
users/395,favorite_lists/627
users/334,favorite_lists/90
users/439,favorite_lists/189
users/892,favorite_lists/861
users/879,favorite_lists/44
users/647,favorite_lists/41
users/191,favorite_lists/228
users/955,favorite_lists/368
users/463,favorite_lists/33
users/508,favorite_lists/438
users/386,favorite_lists/358
users/227,favorite_lists/24
users/7,favorite_lists/676
users/910,favorite_lists/919
users/894,favorite_lists/236
users/289,favorite_lists/735
users/446,favorite_lists/520
users/414,favorite_lists/265
users/115,favorite_lists/394
users/307,favorite_lists/289
users/404,favorite_lists/47
users/253,favorite_lists/45
users/54,favorite_lists/292
users/30,favorite_lists/762
users/298,favorite_lists/529
users/3,favorite_lists/169
users/885,favorite_lists/400
users/850,favorite_lists/969
users/976,favorite_lists/708
users/676,favorite_lists/708
users/802,favorite_lists/125
users/728,favorite_lists/555
users/701,favorite_lists/110
users/241,favorite_lists/295
users/639,favorite_lists/371
users/261,favorite_lists/34
users/37,favorite_lists/991
users/597,favorite_lists/641
users/211,favorite_lists/796
users/10,favorite_lists/659
users/731,favorite_lists/889
users/592,favorite_lists/796
users/321,favorite_lists/578
users/148,favorite_lists/375
users/210,favorite_lists/819
users/618,favorite_lists/73
users/495,favorite_lists/255
users/846,favorite_lists/72
users/87,favorite_lists/439
users/51,favorite_lists/654
users/186,favorite_lists/693
users/244,favorite_lists/700
users/839,favorite_lists/732
users/288,favorite_lists/830
users/852,favorite_lists/782
users/8,favorite_lists/631
users/271,favorite_lists/543
users/258,favorite_lists/134
users/9,favorite_lists/713
users/443,favorite_lists/180
users/404,favorite_lists/278
users/495,favorite_lists/768
users/811,favorite_lists/310
users/132,favorite_lists/782
users/56,favorite_lists/921
users/540,favorite_lists/351
users/794,favorite_lists/573
users/202,favorite_lists/956
users/558,favorite_lists/778
users/414,favorite_lists/901
users/338,favorite_lists/495
users/416,favorite_lists/996
users/201,favorite_lists/897
users/70,favorite_lists/657
users/505,favorite_lists/73
users/461,favorite_lists/399
users/558,favorite_lists/164
users/98,favorite_lists/238
