_key,first_name,last_name,email
1000,Diego,Reinger,Donato_Volkman@hotmail.com
999,Wellington,Legros,Tyra.Effertz55@gmail.com
998,Neal,Hyatt,Gia79@yahoo.com
997,Cora,Murphy,Nathen50@hotmail.com
996,Eileen,Bauch,Furman73@gmail.com
995,Clifford,Keebler,Brett.Quitzon@gmail.com
994,Kole,Hartmann,Ruthe.Okuneva73@gmail.com
993,Maryse,Waters,Thalia_Rutherford85@hotmail.com
992,Bo,Runolfsdottir,Briana_Stamm58@hotmail.com
991,Vicky,Kuphal,Rowland.Roberts@hotmail.com
990,Ottis,Connelly,Kellen.Kerluke96@gmail.com
989,Fidel,Toy,Priscilla_Koch12@yahoo.com
988,Michelle,Donnelly,Ida74@yahoo.com
987,Graciela,Abernathy,Earnest_Murray39@hotmail.com
986,Dario,VonRueden,Fritz.Kling66@yahoo.com
985,Prudence,Ferry,Edmond99@gmail.com
984,Tressa,D'Amore,Lila54@yahoo.com
983,Floyd,Abbott,Luther_Wisoky@hotmail.com
982,Reggie,Ondricka,Chaya45@hotmail.com
981,Eriberto,Stanton,Hazle15@gmail.com
980,Shanie,Nader,Bonita24@gmail.com
979,Donald,Heaney,Jamel.Hilll@gmail.com
978,Cordie,Corwin,Patricia54@gmail.com
977,Vickie,Carroll,Libby.Wolff@yahoo.com
976,Leopoldo,Moen,Mohammad7@hotmail.com
975,Joel,Fahey,Adaline_Gutmann44@gmail.com
974,Destany,Connelly,Lynn_Dietrich55@hotmail.com
973,Alex,DuBuque,Sanford.Mitchell@hotmail.com
972,Muhammad,Kerluke,Martina_Mills@gmail.com
971,Amiya,Jones,Dixie.Ward8@hotmail.com
970,Mayra,Conroy,Harry_Rowe13@gmail.com
969,Raven,Littel,Kaci99@gmail.com
968,Kiera,Altenwerth,Paige.Goodwin@yahoo.com
967,Monserrate,Reynolds,Ralph_Gorczany97@gmail.com
966,Douglas,Medhurst,Coy_Hamill29@gmail.com
965,Wade,Thompson,Russ_Watsica63@gmail.com
964,Alda,Williamson,Marianne.Kuvalis@yahoo.com
963,Irma,Hammes,Ardella48@hotmail.com
962,Sydnie,Heathcote,Dolly_Zemlak70@yahoo.com
961,Donavon,Dare,Jailyn.Pagac25@gmail.com
960,Triston,Sawayn,Grady.Barton@hotmail.com
959,Verla,Bogisich,Izabella.Stehr86@gmail.com
958,Brannon,Jacobson,Lennie.Bayer49@yahoo.com
957,Jaime,Gleichner,Cletus89@gmail.com
956,Beth,Gibson,Lazaro_Ritchie@yahoo.com
955,Annalise,Feil,Delfina_Sporer93@yahoo.com
954,Albertha,McLaughlin,Jaquelin31@gmail.com
953,Orval,Boyle,Brianne.Mertz12@gmail.com
952,Amelie,Leffler,Lacy.Sipes@yahoo.com
951,Carol,Wilkinson,Eloise.King91@gmail.com
950,Tomasa,Howell,Rory_Gibson@yahoo.com
949,Macie,Kreiger,Joshua_Weimann65@gmail.com
948,Korey,Hilll,Karine91@gmail.com
947,Brandy,Tremblay,Lizzie.Macejkovic@hotmail.com
946,Monserrat,Skiles,Raoul.Reynolds42@gmail.com
945,Carmine,Adams,Kristin38@gmail.com
944,Crawford,Vandervort,Cory_Barton@hotmail.com
943,Scottie,Cronin,Britney_Rutherford@gmail.com
942,Marianna,Cassin,Gabriella46@hotmail.com
941,Dante,O'Reilly,Darius_Lang@hotmail.com
940,Winfield,Crist,Clare.Balistreri88@hotmail.com
939,Isobel,Reichel,Brandy.Fadel74@hotmail.com
938,Alayna,Zboncak,Lulu_Stiedemann26@gmail.com
937,Enrique,Huel,Kaden89@gmail.com
936,Megane,Emard,Ahmed_Kuhn13@hotmail.com
935,Flavie,Smitham,Patrick.Cassin@hotmail.com
934,Sasha,Quitzon,Garland87@yahoo.com
933,Vincenza,Pollich,Jaylon_Bogan12@yahoo.com
932,Adolf,Durgan,Brycen78@hotmail.com
931,Bailee,Graham,Willa_Maggio54@hotmail.com
930,Tyshawn,Mraz,Johnson_McLaughlin32@yahoo.com
929,Lulu,Wisozk,Rowan.Davis@gmail.com
928,Hanna,O'Kon,Dovie.Mills@yahoo.com
927,Jakob,Wilderman,Chasity.Weber68@yahoo.com
926,Delpha,Goodwin,Bridgette.Mayert75@hotmail.com
925,Jade,O'Conner,Preston_Fadel55@hotmail.com
924,Ruby,Gulgowski,Darren.Cremin38@yahoo.com
923,Shanna,Lynch,Jude57@yahoo.com
922,Torrance,Pouros,Kaleigh17@hotmail.com
921,Abel,Botsford,Jefferey.Rolfson@gmail.com
920,Harry,King,Katelyn.Lueilwitz@yahoo.com
919,Nedra,Daniel,Emmett63@gmail.com
918,Brandi,Fahey,Shane5@gmail.com
917,Daphnee,Reynolds,Sandy83@hotmail.com
916,Aiyana,Howell,America_West13@yahoo.com
915,Edyth,Leuschke,Edythe.Zemlak@gmail.com
914,German,Gerlach,Ervin32@hotmail.com
913,Mekhi,Becker,Johan_Nicolas@hotmail.com
912,Amy,Hammes,Leon78@hotmail.com
911,Daisy,Trantow,Alice_Lang@yahoo.com
910,Kaitlyn,Keebler,Geovanny_Koch@hotmail.com
909,Ronaldo,Cassin,Dino.Cruickshank@hotmail.com
908,Lempi,Nicolas,Jo.Volkman@hotmail.com
907,Kara,Carroll,Randal98@gmail.com
906,Camden,Hartmann,Era55@yahoo.com
905,Ewell,Mitchell,Tierra_Kuhlman9@yahoo.com
904,Keara,O'Conner,Loyce76@yahoo.com
903,Antone,Bernhard,Javon81@gmail.com
902,Merl,Fisher,Laury58@hotmail.com
901,Darien,Sauer,Carolanne.Weber@hotmail.com
900,Bianka,Hand,Guiseppe.Barton@yahoo.com
899,Savanah,Kuhn,Shemar.Dach61@hotmail.com
898,Hershel,Daugherty,Garland.Jast68@gmail.com
897,Enoch,Zemlak,Estell_Gleason@gmail.com
896,Neil,Lesch,Esther_Tillman80@yahoo.com
895,Brenda,Batz,Cheyenne32@hotmail.com
894,Enrico,Weissnat,Leland70@hotmail.com
893,Alexa,Toy,Asha_Abshire@gmail.com
892,Adolphus,Stehr,Juliet58@hotmail.com
891,Jennie,Fritsch,Jodie18@yahoo.com
890,Jan,Hagenes,Elaina_Rolfson52@gmail.com
889,River,Leffler,Ben.Beahan@gmail.com
888,Cordelia,Bradtke,Felton45@yahoo.com
887,Garnett,Rodriguez,Forest_Harvey32@yahoo.com
886,Johnny,Boyer,Korbin.Lakin8@yahoo.com
885,Stephen,Bergnaum,Lora.Tromp81@yahoo.com
884,Retha,Mills,Viviane_Cruickshank@gmail.com
883,Berry,Schulist,Gaston67@gmail.com
882,Marjolaine,Wisoky,Jovany.Herzog@yahoo.com
881,Zetta,Schinner,Elias34@yahoo.com
880,Modesta,VonRueden,Kacie_Connelly84@hotmail.com
879,Ibrahim,Hudson,Aletha_Sipes43@hotmail.com
878,Gino,Bergstrom,Darian72@yahoo.com
877,Ransom,Keebler,Halie.Doyle@yahoo.com
876,Kenny,Nolan,Alene_Thompson98@gmail.com
875,Augustus,Ward,Stephon.Orn@gmail.com
874,Keira,Heller,Warren_Hermiston@yahoo.com
873,Amparo,Koelpin,Hayden.Jones65@hotmail.com
872,Angelica,Smith,Kaleigh_Klein90@hotmail.com
871,Jared,Kiehn,Neil69@gmail.com
870,Chance,Kilback,Ladarius_Runolfsson@gmail.com
869,Jammie,Bechtelar,Mia_Wyman42@yahoo.com
868,Mariah,Kemmer,Daron87@yahoo.com
867,Gerhard,Hauck,Mayra_Beatty@hotmail.com
866,Garnet,Littel,Kaya.Smith@gmail.com
865,Khalid,Grant,Unique42@yahoo.com
864,Rolando,Swaniawski,Sanford70@gmail.com
863,Bette,Littel,Dejon27@gmail.com
862,Shaina,Watsica,Michelle.Huels63@yahoo.com
861,Kallie,Hand,Henri.Mayer@hotmail.com
860,Gabriel,Hamill,Chanel.Jakubowski@hotmail.com
859,Agustina,Towne,Ryley_Leannon26@yahoo.com
858,Priscilla,Casper,Angelica_Kessler35@hotmail.com
857,Lavina,Christiansen,Phoebe_Kerluke65@gmail.com
856,Sheridan,Bayer,Woodrow_Gislason22@gmail.com
855,Cortney,Mann,Rosemarie.Gleason97@hotmail.com
854,Kirstin,Boyle,Maggie93@hotmail.com
853,Pietro,Mraz,Gudrun.Haley@hotmail.com
852,Tina,Leannon,Reyna_Ankunding49@hotmail.com
851,Alexandria,Altenwerth,Yasmine.Roob63@hotmail.com
850,Barbara,Daniel,George41@gmail.com
849,Isom,Mraz,Branson20@yahoo.com
848,Stefan,Hamill,Branson.Strosin@hotmail.com
847,Sydni,Donnelly,Violet_Dickens@hotmail.com
846,Ida,Boyle,Hadley.Olson@yahoo.com
845,Margret,Ruecker,Francisca.Kassulke@gmail.com
844,Elisabeth,Rempel,Ludie.Kessler20@yahoo.com
843,Clair,Pouros,Aric15@yahoo.com
842,Mariane,Labadie,Cassie_Powlowski71@yahoo.com
841,Nicklaus,Nitzsche,Berta45@yahoo.com
840,Gunner,Wiegand,Colt.Pfannerstill15@yahoo.com
839,Napoleon,Nikolaus,Joelle_Klocko@hotmail.com
838,Horacio,DuBuque,Mackenzie29@gmail.com
837,Lyric,Kirlin,Mortimer.Beer@gmail.com
836,Maegan,Flatley,Jaquelin.Ratke@gmail.com
835,Cristobal,Trantow,Tyrel_Grimes@gmail.com
834,Vallie,Halvorson,Savanna_Bayer94@hotmail.com
833,Elouise,Cremin,Mckenna_Lehner@gmail.com
832,Celia,Langosh,Daphnee.Pfannerstill85@hotmail.com
831,Neal,Boyle,Justine.Murphy34@gmail.com
830,Sigurd,Yundt,Precious_VonRueden@yahoo.com
829,Luella,Robel,Stacy_Hickle@yahoo.com
828,Gregory,Shanahan,Edmund.Buckridge74@yahoo.com
827,Anastacio,Labadie,Malika74@gmail.com
826,Dena,Emard,Willard.Johns@hotmail.com
825,Zita,Herzog,Antwon_Kreiger28@gmail.com
824,Giovanna,Zulauf,Marilyne.Labadie@hotmail.com
823,Thomas,Abernathy,Bert_Ratke88@hotmail.com
822,Emely,Volkman,Everett_Homenick64@yahoo.com
821,June,Hayes,Daniella_Wolff84@yahoo.com
820,Maverick,Denesik,Dallin43@gmail.com
819,Lynn,Kertzmann,Ethelyn62@gmail.com
818,Rudy,Wyman,Jerrod.Pfannerstill36@yahoo.com
817,Sam,Schiller,Geoffrey_Cormier30@gmail.com
816,Bridget,Sporer,Eveline_Larson@hotmail.com
815,Eliane,Emmerich,Destini_Aufderhar@gmail.com
814,Jacques,Legros,Darrick.Schinner@hotmail.com
813,Golden,Ledner,Carole.Jones29@hotmail.com
812,Anabel,Lowe,Jesse_Powlowski@hotmail.com
811,Elmo,Macejkovic,Yvonne_Cormier26@gmail.com
810,Constantin,Walter,Eddie_Wilkinson@hotmail.com
809,Jessie,O'Connell,Clement71@hotmail.com
808,Trevion,Hilll,Arno_Bergstrom35@yahoo.com
807,Iva,Jenkins,Randy_Gottlieb@hotmail.com
806,Meda,Conn,Katelynn57@hotmail.com
805,Gaetano,Beier,Adelia.Mitchell@hotmail.com
804,Ernest,Jast,Linnea.Koss6@hotmail.com
803,Maverick,Daugherty,Clementine_Osinski55@gmail.com
802,Gregorio,Ratke,Reagan78@yahoo.com
801,Jennyfer,Steuber,Fleta78@gmail.com
800,Violet,Jenkins,Vinnie.Sipes22@gmail.com
799,Ali,Legros,Tyrese22@gmail.com
798,Tiara,Boehm,Marty.Rau99@gmail.com
797,Dayana,Reynolds,Damian.Jakubowski63@hotmail.com
796,Gia,Witting,Garnet.Frami23@hotmail.com
795,Alivia,Nolan,Bernadette.Kessler41@yahoo.com
794,Sophia,Koelpin,Sydni_Durgan@hotmail.com
793,Ivory,Tillman,Thea.Kshlerin@yahoo.com
792,Lauriane,Lockman,Ervin.Effertz28@hotmail.com
791,Lauryn,Dicki,Royce.Zemlak@gmail.com
790,Ewald,Hickle,Miles8@yahoo.com
789,Darwin,Nolan,Marcelle76@yahoo.com
788,Nellie,Bogan,Selina_Kassulke@yahoo.com
787,Taya,DuBuque,Hellen83@hotmail.com
786,Elmore,Upton,Art.Baumbach@gmail.com
785,Verdie,Ebert,Ethan29@yahoo.com
784,Simeon,Russel,Roma38@yahoo.com
783,Wilbert,Stracke,Hal_Legros@hotmail.com
782,Cletus,Pacocha,Elton_Harber@yahoo.com
781,Tess,Weissnat,Abbie89@hotmail.com
780,Trace,O'Kon,Natasha_Lowe16@hotmail.com
779,Willis,Bergstrom,Myrtie98@yahoo.com
778,Lorenza,Fisher,Jaylon82@yahoo.com
777,Shaina,Yundt,Faustino82@yahoo.com
776,Chadrick,Wyman,Mabelle85@yahoo.com
775,Jacques,Medhurst,Alberto_Feil@hotmail.com
774,Rogelio,Sanford,Vanessa.Schmitt65@hotmail.com
773,Marquis,Kub,Leann83@hotmail.com
772,Constance,Stehr,Wilson72@hotmail.com
771,Krista,Kessler,Cathryn54@hotmail.com
770,Godfrey,Schamberger,Lottie12@hotmail.com
769,Ashtyn,Thiel,Lauren69@hotmail.com
768,Levi,Lubowitz,Sean43@gmail.com
767,Deontae,Spinka,Mariano.Leannon64@yahoo.com
766,Jonatan,Auer,Brisa93@hotmail.com
765,Keshaun,Effertz,Adam.Hessel63@yahoo.com
764,Jazmyn,Homenick,Michel_Jacobson@gmail.com
763,Juana,O'Reilly,Erin69@gmail.com
762,Lon,Hamill,Kamron74@gmail.com
761,Wiley,Dietrich,Evert_Marks84@hotmail.com
760,Tamara,Mayert,Iva.Welch78@gmail.com
759,Giles,Bradtke,Fidel78@gmail.com
758,Marisol,Dietrich,Norma_Wisoky45@hotmail.com
757,Carolina,Lubowitz,Hadley95@hotmail.com
756,Loren,Bahringer,Daryl_Pfannerstill@hotmail.com
755,Vernie,Bradtke,Lula_Reichel@hotmail.com
754,Tiara,Kautzer,Laurie.Mertz18@hotmail.com
753,Lamar,Schneider,Brisa.Koss@hotmail.com
752,Mckayla,Streich,Magdalen97@yahoo.com
751,Alfred,Welch,Reyes_Walker4@gmail.com
750,Walter,Waters,Beth80@hotmail.com
749,Zoey,Bins,Jude.Gerlach@yahoo.com
748,Carissa,Spinka,Deonte.Haley@yahoo.com
747,Julien,Ankunding,Estefania_OConnell60@hotmail.com
746,Glennie,Volkman,Ike_Labadie1@gmail.com
745,Alvina,Kovacek,Eliseo47@yahoo.com
744,Elroy,Gislason,Trevor.Daniel97@yahoo.com
743,Retta,Considine,Mikayla.Murazik@yahoo.com
742,Jamarcus,Collier,Trudie33@hotmail.com
741,Helga,Witting,Cordell11@gmail.com
740,Minnie,Hudson,Yesenia70@hotmail.com
739,Nikki,Rice,Hermina40@hotmail.com
738,Keven,Volkman,Alison49@hotmail.com
737,Kieran,Gulgowski,Daniela_Jenkins55@yahoo.com
736,Antonietta,Hammes,Edward.Jacobson@gmail.com
735,Morgan,Ankunding,Sonny.Abernathy@gmail.com
734,Eryn,Boyle,Jaime.Stark@gmail.com
733,Heloise,Tremblay,Presley_Jakubowski@hotmail.com
732,Henderson,Haag,Vernie22@hotmail.com
731,Yesenia,Bauch,Amani.Daniel92@gmail.com
730,Madelyn,Gleichner,Joana17@gmail.com
729,Modesto,Veum,Edyth.Heaney47@gmail.com
728,Lila,McCullough,Faustino_Jones@hotmail.com
727,Albin,Cremin,Niko40@gmail.com
726,Lavina,Rath,Valerie92@hotmail.com
725,Verdie,Crist,Zula14@hotmail.com
724,Benny,Raynor,Lina_Upton31@yahoo.com
723,Mia,Buckridge,Damion35@hotmail.com
722,Lou,Kshlerin,Felipe75@yahoo.com
721,Golda,Beer,Jayce_Dare35@yahoo.com
720,Emerald,McClure,Eddie.Casper49@yahoo.com
719,Carolina,Kris,Joel.Toy@gmail.com
718,Wallace,Murazik,Darlene.Stokes12@yahoo.com
717,Violette,Nienow,Richard.Terry@hotmail.com
716,Terence,Walsh,Elyssa_Durgan60@yahoo.com
715,Jacklyn,Hauck,Gina10@hotmail.com
714,Malinda,Kunze,Bennett_Beatty@yahoo.com
713,Dallas,Becker,Keyshawn_Botsford@gmail.com
712,Danny,Ritchie,Shaylee.Mraz@gmail.com
711,Jonatan,Kris,Jana.Bogan@hotmail.com
710,Marisa,Schowalter,Koby_Wuckert57@hotmail.com
709,Lily,Huel,August.Goldner@hotmail.com
708,Otho,Wunsch,Stephon.Hettinger83@yahoo.com
707,Shaina,Terry,Missouri.Rutherford@yahoo.com
706,Noemi,Cummings,Max.Kozey@hotmail.com
705,Valentina,Kihn,Retha_Schaefer8@hotmail.com
704,Carlee,Conn,Hyman_Wiegand61@yahoo.com
703,Jeramy,Bradtke,Marcel32@gmail.com
702,Fiona,Roberts,Warren.Crooks@yahoo.com
701,Ronaldo,Hodkiewicz,Nina9@gmail.com
700,Felipa,Armstrong,Wilhelmine.Kub58@yahoo.com
699,Doris,Kuhic,Josiah_Ward42@yahoo.com
698,Sharon,Powlowski,Colten14@gmail.com
697,Ottilie,O'Hara,Afton.Hansen@yahoo.com
696,Drew,Spencer,Misty_Waelchi@hotmail.com
695,Kitty,Fahey,Conor28@gmail.com
694,Destini,Ward,Augustine12@gmail.com
693,Scotty,Romaguera,Grant.Herman@hotmail.com
692,Shyann,Kirlin,Orin.Hirthe@hotmail.com
691,Eve,Vandervort,Barbara.Schaden@hotmail.com
690,Destini,Hamill,Rosamond_Nikolaus@gmail.com
689,Diego,Lakin,Dorothea_Stroman@gmail.com
688,Marlon,Carroll,Freddie_Legros@hotmail.com
687,Fern,Kihn,Treva.Effertz@gmail.com
686,Leo,Hintz,Ellsworth.Heathcote40@gmail.com
685,Coby,Yundt,Randi74@yahoo.com
684,Imelda,Fritsch,Novella.OKeefe@yahoo.com
683,Emmie,Ledner,Delfina_Graham@gmail.com
682,Jacey,Kohler,Mohamed_Halvorson92@hotmail.com
681,Thea,Koepp,Beth76@gmail.com
680,Darian,Powlowski,Jefferey33@gmail.com
679,Desiree,Johnson,Ed_Adams@gmail.com
678,Laverna,Emard,Jimmy_Mitchell76@gmail.com
677,Rodolfo,Kuhn,Koby.Wolf30@yahoo.com
676,Evans,Farrell,Rollin_Hamill60@yahoo.com
675,Alexzander,Runolfsdottir,Otis_Harber@yahoo.com
674,Alexandria,Williamson,Weldon.Macejkovic@hotmail.com
673,Jean,Sanford,Lysanne36@yahoo.com
672,Cecelia,Jaskolski,Tillman.Pfeffer@gmail.com
671,Moriah,Bogan,Bryon.Gleason66@yahoo.com
670,Maurice,Dare,Jessica42@hotmail.com
669,Burnice,Legros,Sterling35@hotmail.com
668,Makenzie,Gutkowski,Jorge_Schneider97@hotmail.com
667,Sanford,Predovic,Roosevelt_Murazik77@yahoo.com
666,Viola,Wolf,Anne35@hotmail.com
665,Keon,Hermiston,Spencer.Hagenes@yahoo.com
664,Warren,Pfeffer,Victor_Pacocha64@gmail.com
663,Brody,Towne,Izabella_Steuber82@gmail.com
662,Alessia,Pollich,Eugenia.Stoltenberg63@hotmail.com
661,Blake,Blick,Julio.Abshire@yahoo.com
660,Eleanora,Fay,Gustave.Oberbrunner@gmail.com
659,Easter,Kuhlman,Leo.Schoen23@yahoo.com
658,Nico,Hamill,Kasandra.Stanton67@gmail.com
657,Gabe,Treutel,Ivory_Abbott23@hotmail.com
656,Alfred,Shanahan,Kiana.Cummings25@gmail.com
655,Zackary,Hagenes,Hayley_Gulgowski@hotmail.com
654,Zachariah,Kautzer,Joshuah_Herzog@hotmail.com
653,Jaycee,Weissnat,Vivianne.Stehr60@yahoo.com
652,Loyal,Swift,Damion.Hickle53@gmail.com
651,Ocie,Abernathy,Hope20@gmail.com
650,Golden,Konopelski,Missouri_Nienow@hotmail.com
649,Cooper,Kemmer,Lura.Hane@gmail.com
648,London,Bernhard,Garret_Schinner@gmail.com
647,Blanche,Strosin,Fay_Towne9@yahoo.com
646,Forest,Johnson,Hardy.Bashirian5@yahoo.com
645,Herta,Johns,Bella_Hane57@gmail.com
644,Florencio,Cormier,Devonte_Towne39@hotmail.com
643,Margarita,Bergnaum,Stephany18@yahoo.com
642,Ethelyn,Murazik,Winifred_Mueller58@yahoo.com
641,Eleonore,West,Chanelle_Gerlach@hotmail.com
640,Aaron,Hyatt,Frankie.Beahan@gmail.com
639,Marisa,Schinner,Gerard26@yahoo.com
638,Kyle,Kozey,Ryleigh_Zboncak@hotmail.com
637,Rickie,Oberbrunner,Rita23@gmail.com
636,Remington,Schumm,Norris_Rohan67@hotmail.com
635,Beverly,Collier,Carlos.Durgan@yahoo.com
634,Lenny,Lindgren,Isabelle_Hessel14@yahoo.com
633,Catalina,Connelly,June.Heller32@yahoo.com
632,Flossie,Reinger,Zechariah.Robel@gmail.com
631,Kacey,Swaniawski,Luther_Murray61@yahoo.com
630,Sincere,Daniel,Velda46@hotmail.com
629,Mario,Armstrong,Lucius_Baumbach@hotmail.com
628,Raina,Will,Reggie.Padberg@hotmail.com
627,Shanelle,Brekke,Brando_Kohler45@yahoo.com
626,Kassandra,Toy,Vada51@hotmail.com
625,Wilhelm,Rempel,Laverna15@hotmail.com
624,Marilie,Botsford,Evangeline.Bahringer@yahoo.com
623,Ulises,Cartwright,Chester_Morissette56@gmail.com
622,Blaise,Breitenberg,Josh.Torphy@gmail.com
621,Afton,Hand,Jaden.Upton@gmail.com
620,Kiana,Weimann,Dewitt_Jacobson@yahoo.com
619,Stephan,Stracke,Bernice.Hudson95@hotmail.com
618,Trace,Pagac,Alanna_Roob20@hotmail.com
617,Alena,Hahn,Amanda.Macejkovic94@gmail.com
616,Adolfo,Klein,Leonardo_Wisoky@gmail.com
615,Dessie,Torp,Frida.Hansen@gmail.com
614,Matteo,Kuhn,Jarrell_Romaguera@yahoo.com
613,Tad,Mante,Delpha.Harris@hotmail.com
612,Rod,Wyman,Sterling.Rodriguez59@yahoo.com
611,Emilie,Grant,Jeremie.West3@gmail.com
610,Reilly,Parker,Tremaine.Collins@yahoo.com
609,Susanna,Stroman,Frederique.Connelly@yahoo.com
608,Lane,Terry,Matt_Roberts5@hotmail.com
607,Sandra,Berge,Kari96@hotmail.com
606,Elena,Hane,Mathias64@hotmail.com
605,Maxine,Kertzmann,Monique_Zboncak64@hotmail.com
604,Darius,Dickens,Rosemary_Boyer@yahoo.com
603,Luz,Robel,Ephraim.Bednar@hotmail.com
602,Bradly,Dibbert,Salvador51@hotmail.com
601,Jules,Rippin,Ashleigh_Yost75@yahoo.com
600,Susan,Ferry,Joana_Kilback98@hotmail.com
599,Kay,Terry,Dino_Gleason@hotmail.com
598,Gertrude,O'Connell,Jairo.Green@hotmail.com
597,Davion,Luettgen,Jared_Wehner@gmail.com
596,Fausto,Morar,Amparo.Little@yahoo.com
595,Claudine,Kiehn,Hilario_Lowe@hotmail.com
594,Darion,Price,Hank_Ondricka@yahoo.com
593,Kayleigh,Muller,Clarissa_Simonis@yahoo.com
592,Dante,Feest,Keeley_Ritchie21@hotmail.com
591,Destany,Barton,Joan_Wiza61@gmail.com
590,Ezra,McClure,Addie29@hotmail.com
589,Jarrod,Stiedemann,Alisa_Watsica76@gmail.com
588,Kieran,Watsica,Delfina54@gmail.com
587,Elroy,Erdman,Gust.Runte91@yahoo.com
586,Kenyatta,Farrell,Ceasar.Dicki58@hotmail.com
585,Melody,Tromp,Frances_Goyette@gmail.com
584,Joelle,Osinski,Mathias_Hintz@yahoo.com
583,Halie,O'Kon,Lloyd_Schumm@yahoo.com
582,Autumn,Hirthe,Destini61@gmail.com
581,Rod,Walter,Corene91@hotmail.com
580,Felipa,Lind,Hulda96@gmail.com
579,Ferne,Welch,Alexie_Kuhn@gmail.com
578,Waylon,Luettgen,Lexi.Fahey32@gmail.com
577,Curt,Kovacek,Susan_Murazik@hotmail.com
576,Baby,Jakubowski,Scarlett.Hodkiewicz@gmail.com
575,Hester,Pfeffer,Ima2@yahoo.com
574,Mitchell,Sauer,Mario82@hotmail.com
573,Adalberto,Heller,Frances85@gmail.com
572,Mckayla,Hand,Kylee78@yahoo.com
571,Jaime,Medhurst,Trevion.Champlin51@yahoo.com
570,Olaf,O'Keefe,Camden_Hills@hotmail.com
569,Keith,Walker,Lew_VonRueden@hotmail.com
568,Cristian,Ankunding,Cecile_Ritchie41@hotmail.com
567,Rosanna,Ankunding,Bernard.Littel@hotmail.com
566,Allan,Becker,Toni_Ebert35@hotmail.com
565,Clare,Wilderman,Claudie5@yahoo.com
564,Mathias,Konopelski,Michale_Daugherty79@hotmail.com
563,Jazmyn,Spencer,Delores8@gmail.com
562,Cleora,Leannon,Deon82@yahoo.com
561,Nicolette,Nitzsche,Dillan44@hotmail.com
560,Braeden,Bashirian,Julien_Fay@hotmail.com
559,Tomasa,Nader,Viva_Larkin86@hotmail.com
558,Burley,Casper,Aurelie.Ebert85@yahoo.com
557,Susanna,Bogan,Diana.Ryan13@hotmail.com
556,Dixie,Strosin,Caroline.Armstrong@yahoo.com
555,Vivian,Corwin,Dimitri.Leffler71@hotmail.com
554,Raymond,O'Conner,Blaise82@yahoo.com
553,Judah,Runte,Joyce53@gmail.com
552,Amaya,O'Reilly,Aiyana_Yost@yahoo.com
551,Carolanne,Upton,Charlene2@gmail.com
550,Sid,Wolff,Monroe5@gmail.com
549,Bart,Rippin,Gene_Zulauf42@hotmail.com
548,Khalil,Rodriguez,Teagan.Rempel@hotmail.com
547,Terence,Jenkins,Norwood_Kuphal59@yahoo.com
546,Carmella,Klein,Dora_Orn@hotmail.com
545,Carleton,Koch,Era.Renner29@hotmail.com
544,Daphne,Daniel,Justus.Carter6@gmail.com
543,Maxie,Medhurst,Roselyn36@yahoo.com
542,Donnie,Abshire,Carmen19@gmail.com
541,Kacie,Wisozk,Autumn.Denesik34@hotmail.com
540,Wilton,Stracke,Burdette64@gmail.com
539,Arturo,Quitzon,Adalberto41@gmail.com
538,Rachel,Funk,Rudolph.Stamm@gmail.com
537,Oren,DuBuque,Delaney.Mills56@yahoo.com
536,Bethany,Smith,Brianne27@hotmail.com
535,Vivianne,Kuhic,Jairo.Toy91@yahoo.com
534,Emerson,Cole,Jaylon_Upton@hotmail.com
533,Adriel,Kshlerin,Deborah.Friesen@hotmail.com
532,Reyes,Schultz,Mikel.Kautzer@hotmail.com
531,Clovis,Schmeler,Dallin91@hotmail.com
530,Krystina,Pagac,Everett_Ward10@gmail.com
529,Jean,Huels,Palma62@gmail.com
528,Florine,McCullough,Osbaldo.Gerlach@hotmail.com
527,Sonya,Hills,Bernita_Gerlach@yahoo.com
526,Oswald,Schneider,Arno36@hotmail.com
525,Delbert,Pollich,Aurore.Grant@yahoo.com
524,Lavina,Williamson,Malika29@gmail.com
523,Elmore,Dach,Demetrius.Nienow@hotmail.com
522,Nelson,Bradtke,Pearl95@hotmail.com
521,Jacinto,Schinner,Yasmin15@gmail.com
520,Alberto,Hudson,Dulce92@gmail.com
519,Lawrence,Von,Haylie98@hotmail.com
518,Brannon,Dickinson,Dorcas54@yahoo.com
517,Lisa,D'Amore,Bernadine32@gmail.com
516,Shawn,Witting,Madeline14@hotmail.com
515,Gayle,Jones,Ross_Mayert@yahoo.com
514,Meaghan,Kozey,Estefania_Dare@gmail.com
513,Valentina,Labadie,Mckayla.Harris79@hotmail.com
512,Dwight,Schneider,Payton29@hotmail.com
511,Foster,DuBuque,Jay38@yahoo.com
510,Brittany,Kiehn,Brice64@hotmail.com
509,Virgie,Marks,Roslyn26@yahoo.com
508,Abe,Predovic,Ryan85@hotmail.com
507,Adan,Borer,Vicky.Von@gmail.com
506,Brayan,Lesch,Nasir_Prosacco34@hotmail.com
505,Myrl,Glover,Ashlee_Smith@hotmail.com
504,Victor,Turner,Chelsea.Osinski63@hotmail.com
503,Athena,Schultz,Fiona75@hotmail.com
502,Rachelle,Lueilwitz,Otto_Funk@gmail.com
501,Kasey,Schroeder,Ellen_Beatty@yahoo.com
500,Nolan,Schiller,Maxine_Bergnaum@gmail.com
499,Esther,Koss,Adella.Witting15@gmail.com
498,Candace,Runolfsdottir,Merl.Frami@gmail.com
497,Hertha,Thompson,Samson_Kshlerin43@gmail.com
496,Wendell,Hoppe,Arden28@yahoo.com
495,Phyllis,Welch,Jerel67@hotmail.com
494,Madeline,Will,Clyde.Okuneva31@hotmail.com
493,Kris,Stracke,Omari_Reinger17@gmail.com
492,Joaquin,Langosh,Stacy.Feil16@yahoo.com
491,Stone,O'Hara,Bradford12@yahoo.com
490,Rosemarie,Connelly,Casey_Jacobson95@hotmail.com
489,Gage,Mayert,Summer_Kling@gmail.com
488,Leland,Cruickshank,Claire_Lehner89@yahoo.com
487,Wilfredo,Ankunding,Alexandra14@hotmail.com
486,Lia,Kutch,Robyn5@gmail.com
485,Rosina,Toy,Theresa.Daniel88@yahoo.com
484,Jaida,Herman,Cyrus9@hotmail.com
483,Berry,Watsica,Tyreek.Marvin68@yahoo.com
482,Eugene,Hoppe,Heaven38@yahoo.com
481,Rene,Green,Kira.Leffler@hotmail.com
480,Malvina,Fay,Kelli_Parisian49@yahoo.com
479,Savanna,Aufderhar,Skylar_Trantow13@yahoo.com
478,Destany,West,Leta93@hotmail.com
477,Lorenz,Koelpin,Manuela81@yahoo.com
476,Otha,Metz,Elsie.Huel9@gmail.com
475,Heidi,Schmitt,Cornell.Morar98@gmail.com
474,Clemens,Kulas,Vicenta.Nikolaus11@gmail.com
473,Enrico,Reilly,Alice.Leannon78@gmail.com
472,Leif,Doyle,Quinten80@hotmail.com
471,Jevon,Kemmer,Antonetta93@hotmail.com
470,Earnestine,Williamson,Mia_Halvorson34@hotmail.com
469,Luz,Leannon,Edward.Littel@hotmail.com
468,Bradley,Ebert,Lukas_Dickinson47@hotmail.com
467,Rosalia,Kuhn,Russell.Runolfsson76@hotmail.com
466,Elna,Roob,Kaylee44@hotmail.com
465,Damon,Stracke,Krista.Crooks6@yahoo.com
464,Carlo,Wiza,Deonte_Blanda@yahoo.com
463,Aliyah,Corkery,Ruthie.Gusikowski@gmail.com
462,Julian,DuBuque,Reece.Fahey@gmail.com
461,Ottis,Lakin,Hayden69@yahoo.com
460,Cordell,Yundt,Mac_Stoltenberg@yahoo.com
459,Howell,Strosin,Alvena35@gmail.com
458,Nash,Ullrich,Karina.Waelchi65@hotmail.com
457,Eldon,Ward,Aaron_Walter@yahoo.com
456,Tyrell,Wolff,Daphney_Lueilwitz@yahoo.com
455,Eudora,Gutmann,Golden.Dach0@hotmail.com
454,Lysanne,Macejkovic,Jaylon.Heaney69@hotmail.com
453,Solon,Dickens,Nikki_Klocko51@yahoo.com
452,Lessie,Quitzon,Dixie94@hotmail.com
451,Myriam,Gleichner,Crystel_Pfeffer49@yahoo.com
450,Coby,Grimes,Delpha_Watsica48@hotmail.com
449,Jordy,Bergnaum,Vincenzo.Hermiston2@gmail.com
448,Antwon,VonRueden,Esta.Runolfsson1@yahoo.com
447,Darrin,Rolfson,Ashley.Cremin@yahoo.com
446,Rhea,Aufderhar,Leila.Maggio32@yahoo.com
445,Rogers,Prohaska,Fern_Hammes@hotmail.com
444,Oceane,Bashirian,Jermain.Herzog@hotmail.com
443,Zachariah,Friesen,Kiley40@gmail.com
442,Christophe,Flatley,Judd_Goyette@gmail.com
441,Nelson,Stoltenberg,Alyson_Wisoky94@hotmail.com
440,Cora,Murray,Faustino_Pagac@hotmail.com
439,Willa,Bechtelar,Jeanette_Gaylord55@gmail.com
438,Jody,Waters,Jaquan.Franecki@yahoo.com
437,Emmalee,King,Abby.Kohler83@hotmail.com
436,Ally,Anderson,Nathen94@gmail.com
435,Benny,Hackett,Sheldon_Bergstrom@hotmail.com
434,Eula,Jast,Jovanny.Hegmann3@hotmail.com
433,Laila,Dare,Lyda10@gmail.com
432,Wyatt,Lindgren,Karolann_Kuhlman17@yahoo.com
431,Adelia,Toy,Adrain.Rolfson@gmail.com
430,Pierre,Price,Ezra.Jones52@yahoo.com
429,Kari,Carter,Hattie.Stehr23@yahoo.com
428,Coleman,Gleason,Antone.Hyatt@yahoo.com
427,Cora,Kuhic,Alene52@hotmail.com
426,Meghan,Bernhard,Erna_Wyman@gmail.com
425,Gregorio,Hammes,Zane.Mayert19@hotmail.com
424,Ocie,Monahan,Wilhelm.Batz59@gmail.com
423,Mariano,Mraz,Titus_Bruen13@gmail.com
422,Josie,Boyer,Zack88@hotmail.com
421,Joanny,Mills,Jessie.Ullrich21@hotmail.com
420,Keara,Morar,Rosendo_Lakin13@hotmail.com
419,Guiseppe,Gerhold,Viola_Rau@gmail.com
418,Kaylee,King,Kelton.Hegmann22@yahoo.com
417,Zaria,Walker,Rosemary_Gutkowski@gmail.com
416,Shayna,Schoen,Orin75@gmail.com
415,Arnoldo,Schaden,Ilene92@hotmail.com
414,Braulio,Hauck,Joshua_Hayes@yahoo.com
413,Reese,Greenfelder,Marques.Lynch77@yahoo.com
412,Darrion,Koepp,Lavonne_Reynolds80@yahoo.com
411,Edwina,Stamm,Lera.Reichert8@hotmail.com
410,Neha,Trantow,Liliana_Pfeffer80@hotmail.com
409,Zoie,Bergstrom,Elvera.Vandervort85@hotmail.com
408,Camden,Abbott,Neal.Grimes22@gmail.com
407,Braulio,Von,Misty.Robel@hotmail.com
406,Richie,Berge,Mallory.Powlowski@gmail.com
405,Olen,Strosin,Arlo.Nienow78@yahoo.com
404,Stevie,Weimann,King9@gmail.com
403,Celine,Graham,Wilfred_Wyman@gmail.com
402,Cesar,Dicki,Elenora_Mohr@hotmail.com
401,Esta,O'Reilly,Willie_Russel@hotmail.com
400,Drake,Gerlach,Jennings49@gmail.com
399,Brielle,Gleichner,Archibald_Abernathy65@hotmail.com
398,Delphine,Kulas,Braden52@gmail.com
397,Ronny,Muller,Bryana99@gmail.com
396,Alyce,Frami,Colby5@hotmail.com
395,Scarlett,Borer,Brandon_Kuphal@gmail.com
394,Larry,Lakin,Baby_Schmitt@yahoo.com
393,Wyatt,Nicolas,Maude.Stanton22@gmail.com
392,Lukas,Pfeffer,Haskell_Botsford17@yahoo.com
391,Abbie,Beer,Kameron.Haag@gmail.com
390,Bryon,Tromp,Sylvester_Collins@hotmail.com
389,Erin,Stoltenberg,Kenya_Schumm@hotmail.com
388,Turner,Senger,Ella.Abbott@hotmail.com
387,Rubye,Ondricka,Kamren.Haley90@gmail.com
386,Jana,Schmidt,Ibrahim20@hotmail.com
385,Cicero,Kozey,Dawn.Parisian90@yahoo.com
384,Casimer,Konopelski,Gisselle32@hotmail.com
383,Paul,Veum,Saige.Spinka74@yahoo.com
382,Kraig,Bosco,Graham_Hintz@yahoo.com
381,Zaria,Ondricka,Sarai95@gmail.com
380,Leslie,Thompson,Mya_Okuneva60@yahoo.com
379,Katlyn,Leffler,Elaina.Waelchi59@gmail.com
378,Jillian,Gottlieb,Leopold_Wisozk@hotmail.com
377,Green,Kunze,Dameon91@hotmail.com
376,Constantin,Treutel,Julie_King38@gmail.com
375,Kylee,Jast,Elnora67@yahoo.com
374,Carissa,Carter,Waino87@yahoo.com
373,Joseph,Okuneva,Jorge93@hotmail.com
372,Delpha,Bergnaum,Cordell.Gorczany@yahoo.com
371,Keeley,Smith,Omer.Reilly@hotmail.com
370,Delta,Tillman,Marjory_Larson59@hotmail.com
369,Ronaldo,Lakin,Kyla_Batz95@yahoo.com
368,Hailie,Gibson,Davion_Botsford@gmail.com
367,Devonte,Smith,Noel_Langworth@hotmail.com
366,Hanna,Dickens,Annamarie.Kerluke@yahoo.com
365,Eula,Baumbach,Maximus65@gmail.com
364,Giovanny,Johnston,Gordon.Mante@hotmail.com
363,Elwin,Schuster,Aurelio_Ferry@hotmail.com
362,Reed,Green,Rosendo.Waelchi66@hotmail.com
361,Delpha,Reichel,Jena.Armstrong66@hotmail.com
360,Dakota,Rempel,Rosamond_Bashirian@gmail.com
359,Lori,Halvorson,Oren36@hotmail.com
358,Kayden,Romaguera,Robbie_Streich@yahoo.com
357,Amya,Green,Newell.Morissette82@yahoo.com
356,Anita,Will,Lowell.Funk8@hotmail.com
355,Davin,Langworth,Shania4@yahoo.com
354,Ezekiel,Leuschke,Foster6@gmail.com
353,Nelda,Klein,Otilia.Schulist3@hotmail.com
352,Jamie,McKenzie,Federico_Bode@hotmail.com
351,Denis,Schuster,Merl87@gmail.com
350,Savanna,Schneider,Anastacio55@yahoo.com
349,Odell,Schmitt,Kacie_Walsh@yahoo.com
348,Hillard,Krajcik,Dorian.Friesen@yahoo.com
347,Wilburn,Ondricka,Roxanne_Schuppe90@hotmail.com
346,Davon,Runolfsson,Leif_Bruen@yahoo.com
345,Alivia,Jakubowski,Callie87@gmail.com
344,Emmanuelle,Bruen,Judge47@gmail.com
343,Shana,Treutel,Jaylan_Bernhard@gmail.com
342,Roman,Osinski,Anjali45@hotmail.com
341,Brenna,Cartwright,Jada.Goldner@yahoo.com
340,Miracle,Daugherty,Lynn_Treutel@yahoo.com
339,Candida,Dietrich,Lisa.Purdy@hotmail.com
338,Anastacio,Dickinson,Eino11@yahoo.com
337,Katlynn,Beer,Blaise_Green@hotmail.com
336,Kristina,Reynolds,Lola.Effertz65@yahoo.com
335,Jeffrey,Gulgowski,Candace72@gmail.com
334,Emmy,Bergnaum,Kaia9@yahoo.com
333,Franz,Grant,Alan_Wintheiser@yahoo.com
332,Freda,Hoppe,Kirstin_Ward@gmail.com
331,Phyllis,Hagenes,Zander_Walsh@yahoo.com
330,Marie,Mertz,Estefania_Dickinson67@gmail.com
329,Abigale,Medhurst,Eduardo.Rath58@yahoo.com
328,Christiana,Von,Kevon79@yahoo.com
327,Stewart,Satterfield,Makenna.Mitchell@hotmail.com
326,Dolores,Graham,Pablo_Jast52@yahoo.com
325,Raquel,Beahan,Junior.Conroy57@hotmail.com
324,Mona,Pagac,Elza_Stokes51@yahoo.com
323,Candace,Murphy,Adelbert_Huel@gmail.com
322,Solon,Jones,Luciano.Terry3@hotmail.com
321,Beth,Carroll,Hyman16@gmail.com
320,Adan,Kuhic,Ernestina.Schulist52@gmail.com
319,Bart,Bogan,Savanna81@gmail.com
318,Imogene,Paucek,Georgiana.Runte@gmail.com
317,Helen,Kub,Amya.Reichert@hotmail.com
316,Camren,Padberg,Wilber.Champlin70@hotmail.com
315,Brionna,Willms,Dixie.Ledner@gmail.com
314,Tierra,Cronin,Kian.Gusikowski@gmail.com
313,Laverna,West,Dexter_Heathcote@gmail.com
312,Madonna,Beahan,Leonardo_Hackett39@hotmail.com
311,Name,Will,Aida.Blanda12@yahoo.com
310,Rey,Rogahn,Jordi.Dickinson@gmail.com
309,Alva,Greenfelder,Margarete_OReilly24@hotmail.com
308,Marjorie,Veum,Emie_Terry78@gmail.com
307,Gisselle,Glover,Adan31@gmail.com
306,Emelia,Fay,Ettie39@hotmail.com
305,Fletcher,Jones,Everette.McKenzie@yahoo.com
304,Griffin,Macejkovic,Dudley_Ward93@yahoo.com
303,Vladimir,Bogan,Edythe71@gmail.com
302,Hallie,Swift,Mylene77@gmail.com
301,Davin,Hermann,Lafayette40@gmail.com
300,Rosalia,Wuckert,Orville.Goyette12@gmail.com
299,Norene,Quigley,Mary_Bode@gmail.com
298,Cassidy,Denesik,Laurence41@hotmail.com
297,Vincenza,Steuber,Gustave23@hotmail.com
296,Kitty,Kessler,Isac26@hotmail.com
295,Esteban,Nikolaus,Brice_Erdman45@gmail.com
294,Vallie,Schuppe,Ted83@hotmail.com
293,Ramona,Weber,Taya.Stark@gmail.com
292,Turner,Schmitt,Telly55@gmail.com
291,Leland,Lueilwitz,Rozella.Jones@hotmail.com
290,Alexandro,Schowalter,Dagmar_Haag65@hotmail.com
289,Brian,Kshlerin,Rogers.Brakus98@gmail.com
288,Ashleigh,MacGyver,Guido46@yahoo.com
287,Terrell,O'Reilly,Oscar64@yahoo.com
286,Maye,Ryan,Lucio_Runolfsson@yahoo.com
285,Johan,Schultz,Aletha0@gmail.com
284,Estrella,Leffler,Cameron.Sanford@yahoo.com
283,Alysa,Predovic,Linnie22@gmail.com
282,Magdalena,Bode,Akeem.OReilly@yahoo.com
281,Zachariah,Hoppe,Coby10@hotmail.com
280,Loma,Shanahan,Hillard81@hotmail.com
279,Bert,Heaney,Jairo_Schneider@hotmail.com
278,Madeline,Monahan,Alisa34@gmail.com
277,Ludie,Jakubowski,Ernest69@gmail.com
276,Abraham,Waelchi,Garland.Leannon86@yahoo.com
275,Evans,Cummerata,Aurelie85@hotmail.com
274,Lizeth,Fisher,Reyes_McDermott@yahoo.com
273,Nikolas,Parisian,Laron_Wisozk83@gmail.com
272,Sophia,Boyer,Lloyd90@gmail.com
271,Polly,Bechtelar,Maud_McCullough@gmail.com
270,Vince,Goyette,Dorian75@yahoo.com
269,Jeromy,Bode,Joanne18@hotmail.com
268,Madge,Frami,Kristian_MacGyver63@yahoo.com
267,Colby,Nicolas,Lorenzo_Bergstrom77@hotmail.com
266,Paxton,Spencer,Isobel40@hotmail.com
265,Theron,Little,Eldred_Hegmann2@hotmail.com
264,Ryley,Feil,Jan1@gmail.com
263,Maegan,Ward,Corbin3@hotmail.com
262,Bo,Hansen,Braeden52@yahoo.com
261,Tyreek,Torphy,Vergie_Koepp@gmail.com
260,Sylvester,Batz,Itzel60@yahoo.com
259,Grayson,Swift,Albina.Pagac@gmail.com
258,Destiney,Kshlerin,Matteo_Littel@hotmail.com
257,Dario,Mraz,Arnold88@yahoo.com
256,Unique,Hermiston,Sienna_Pagac60@yahoo.com
255,Marguerite,Roob,Mollie_Jakubowski@hotmail.com
254,Helene,Dicki,Nayeli_Deckow@hotmail.com
253,Michale,Rosenbaum,Gretchen30@hotmail.com
252,Emory,Beahan,Maxine30@gmail.com
251,Marion,Strosin,Humberto.Hackett93@yahoo.com
250,Nathanael,Spencer,Earnest56@gmail.com
249,Wilford,Anderson,Marjolaine.Spencer20@yahoo.com
248,Brionna,Gerlach,Jedediah_Tillman@hotmail.com
247,Darrion,Stiedemann,Tyler.Cummings1@gmail.com
246,Edwardo,Bernhard,Wendell_OKon99@gmail.com
245,Cecilia,Stoltenberg,Hilda_Luettgen@gmail.com
244,Jayson,Will,Jaclyn.Fahey@yahoo.com
243,Magdalena,O'Keefe,Joany.Reilly@hotmail.com
242,Marielle,Armstrong,Domenick92@yahoo.com
241,Audra,Champlin,Cielo.Cormier@hotmail.com
240,Jasen,Kuvalis,Johnathon_Klein39@yahoo.com
239,Russell,Cummings,Tom_Rogahn4@hotmail.com
238,Yasmeen,Bartell,Denis.Stehr30@hotmail.com
237,Margarette,Becker,Myriam.Bernhard95@yahoo.com
236,Tyrell,O'Keefe,Opal.Champlin@hotmail.com
235,Cordelia,Pfeffer,Everardo98@yahoo.com
234,Manuel,Kuphal,Ignacio_Christiansen@hotmail.com
233,Immanuel,Mraz,Porter_Ernser98@hotmail.com
232,Rosella,Gerhold,Bryce.Koss78@gmail.com
231,Tanner,Stroman,Mya.Cummings28@hotmail.com
230,Irma,Gerlach,Jaylin7@yahoo.com
229,Christ,Bartoletti,Dillon36@hotmail.com
228,Jovani,Hauck,Helene.Jakubowski@gmail.com
227,Ollie,Ruecker,Griffin_Zieme18@yahoo.com
226,Brody,Huels,Ana_Reynolds81@yahoo.com
225,Rachelle,Lynch,Clement_Nienow52@hotmail.com
224,Cecelia,Schowalter,Pansy17@yahoo.com
223,Morgan,Gleason,Wilfrid.Cartwright33@hotmail.com
222,Pansy,Green,Kim7@gmail.com
221,Winston,Anderson,Elna49@yahoo.com
220,Evan,Sporer,Alycia.Smith41@yahoo.com
219,Jasper,Hirthe,Hailie_Dickinson@hotmail.com
218,Zelma,Hagenes,Antonetta88@yahoo.com
217,Candace,Zboncak,Armani_Bogisich98@hotmail.com
216,Andrew,Jacobi,Andres26@yahoo.com
215,Bette,Corwin,Ray.Boyle@yahoo.com
214,Herminia,Schowalter,Connor33@gmail.com
213,Tiffany,Kunde,Evie48@yahoo.com
212,Daren,Gutmann,Libbie67@hotmail.com
211,Kadin,Schinner,Karl.Jacobi@yahoo.com
210,Andy,Tromp,Tia.Gerlach@gmail.com
209,Kareem,Reynolds,Desiree_Ratke@gmail.com
208,Mattie,Mayert,Velma.McDermott95@yahoo.com
207,Manuel,Stoltenberg,Sage_Hackett64@yahoo.com
206,Tanner,Jones,Fatima.Bechtelar@hotmail.com
205,Abigail,Rolfson,Adele_Lynch@hotmail.com
204,Vada,Hane,Aurelia.Wilkinson86@gmail.com
203,Marguerite,Luettgen,Eldridge.Gerlach@hotmail.com
202,Arely,Lueilwitz,Emory.Mertz80@yahoo.com
201,Celia,Simonis,Lorine.Dooley56@hotmail.com
200,Nyasia,Harber,Elisa_Rempel@gmail.com
199,Earnestine,Adams,Rodrigo.MacGyver@gmail.com
198,Maddison,Breitenberg,Lance6@gmail.com
197,Jody,Schulist,Hudson.Waters@hotmail.com
196,Pearline,Rath,Kay.Leannon@gmail.com
195,Gabriel,Olson,Lexie83@gmail.com
194,Selena,Hand,Daisy24@gmail.com
193,Clarabelle,Stanton,Efrain.Russel@yahoo.com
192,Anastasia,Dicki,Ashlynn.Tillman@hotmail.com
191,Bartholome,Roberts,Frederick_Ruecker@yahoo.com
190,Mayra,Walsh,Rita_Reichert@hotmail.com
189,Sherman,Kub,Zachary.Lynch@gmail.com
188,Ramiro,Cremin,Gilda.Hintz@hotmail.com
187,Ulises,Gleichner,Harmony.Wiegand@gmail.com
186,Dorris,Walsh,Arlo_Runolfsdottir80@hotmail.com
185,Alf,Beahan,Maurine.Medhurst@hotmail.com
184,Daniella,Hahn,Obie21@yahoo.com
183,Ronaldo,Bogan,Fae49@hotmail.com
182,Marguerite,Pfeffer,Mohammed_Ullrich20@yahoo.com
181,Loyce,Emmerich,Hailie18@yahoo.com
180,Maurine,Altenwerth,Dimitri_Hilll42@hotmail.com
179,Valentine,Kuhic,Shea.Denesik13@gmail.com
178,Mitchell,Muller,Hellen97@gmail.com
177,Germaine,Treutel,Tomas16@gmail.com
176,Judah,Grimes,Jazmyne.Carter0@yahoo.com
175,Timmothy,Hickle,Rebekah_Rice@yahoo.com
174,Kathryne,Kohler,Rozella70@gmail.com
173,Sheila,Kuhn,Myah_Bins@gmail.com
172,Kayleigh,Kemmer,Alphonso.Shields89@hotmail.com
171,Ayana,Legros,Martin.Kemmer44@yahoo.com
170,Crystel,Raynor,Wendy_Gutmann@yahoo.com
169,Cathy,Kreiger,Bradly_Cummerata58@hotmail.com
168,Orin,Altenwerth,Lew28@gmail.com
167,Georgiana,Jacobson,Jaquan18@yahoo.com
166,Cedrick,Hackett,Kallie.Champlin10@hotmail.com
165,Miller,Bauch,Phoebe_Champlin@gmail.com
164,Halle,Effertz,Jaida24@hotmail.com
163,Helena,Marquardt,Aracely_Borer@hotmail.com
162,Carlos,Sporer,Jada17@hotmail.com
161,Enoch,Watsica,Lela_Ryan67@hotmail.com
160,Maryjane,Conn,Filiberto_Upton80@gmail.com
159,Lupe,O'Kon,Edna.Hickle60@yahoo.com
158,Aylin,Shields,Dusty.Baumbach5@yahoo.com
157,Rhiannon,Marvin,Else61@gmail.com
156,Eleazar,Tremblay,Wilber_King38@gmail.com
155,Eugenia,Emmerich,Joshua48@gmail.com
154,Frankie,Wunsch,Marge_Roberts@hotmail.com
153,Elody,Bosco,Shad.Emard@hotmail.com
152,Casper,Schultz,William22@gmail.com
151,Lawrence,Quigley,Herman_McLaughlin@hotmail.com
150,Jimmy,Klein,Janae96@gmail.com
149,Cassie,Davis,Melany_Runolfsson68@yahoo.com
148,Rhiannon,Smith,Zackary.Mitchell@hotmail.com
147,Zachery,Ankunding,Cordell95@hotmail.com
146,Buford,Metz,Nakia.Mills45@gmail.com
145,Reinhold,Wiza,Audra_Shanahan@hotmail.com
144,Priscilla,Miller,Rosalee28@hotmail.com
143,Junius,Gutmann,Alvina.Mante@yahoo.com
142,Mario,Price,Hershel.Block51@yahoo.com
141,Marcos,Nicolas,Emmitt_Kiehn66@yahoo.com
140,Carroll,Graham,Quentin_Balistreri17@hotmail.com
139,Colleen,Cassin,Stephany_Thompson@gmail.com
138,Enoch,Kuphal,Terrill.Hahn@yahoo.com
137,Angie,Ritchie,Santina_OHara85@gmail.com
136,Cecelia,Willms,Kelly_Quitzon@gmail.com
135,Keegan,Rempel,Lucy62@yahoo.com
134,Prudence,Jakubowski,Darrin95@yahoo.com
133,Ewell,Bode,Lily_Grant34@yahoo.com
132,Jonas,Shields,Carmen.Jones@gmail.com
131,Chasity,Bernhard,Jessika_Kreiger90@yahoo.com
130,Zella,Stroman,Asia_Johnston@yahoo.com
129,Yazmin,Feil,Stan.Heidenreich92@yahoo.com
128,Lyla,Homenick,Jeanne.Will@gmail.com
127,Hester,Feest,Tyrese67@yahoo.com
126,Ervin,Vandervort,April_Daniel95@gmail.com
125,Stephen,Lesch,Austen97@gmail.com
124,Hayley,Veum,Jaiden_Goodwin5@hotmail.com
123,Alexander,Brown,Eino77@yahoo.com
122,Cynthia,Bernhard,Heloise.Padberg@gmail.com
121,Gaston,Christiansen,Leonardo.Howe79@gmail.com
120,Mittie,Koepp,Gabriel_Hettinger25@yahoo.com
119,Hellen,Stamm,Arnold_Beahan67@hotmail.com
118,Glen,Auer,Carmen_Johns@yahoo.com
117,Rickey,Rau,Camila.Wiza56@hotmail.com
116,Madelyn,Wunsch,Lyla41@gmail.com
115,Carole,Mann,Jeffrey25@yahoo.com
114,Bernice,Walker,Ford.Aufderhar52@yahoo.com
113,Janet,Kautzer,Kaylee76@hotmail.com
112,Elyssa,Becker,Daisha_Kulas64@hotmail.com
111,Chyna,VonRueden,Rachael2@yahoo.com
110,Thelma,Bergnaum,Jessyca.Collins81@yahoo.com
109,Janae,Hoppe,Ashlynn29@gmail.com
108,Keely,Boyle,Darby.Lehner@yahoo.com
107,Amparo,Schulist,Sabryna_Batz@gmail.com
106,Hanna,Pfannerstill,Ima62@yahoo.com
105,Luther,Veum,Victor1@yahoo.com
104,Germaine,Grant,Florida_Kreiger@yahoo.com
103,Mara,Cormier,Kennedi87@gmail.com
102,Shawn,Ortiz,Terrence_Monahan57@gmail.com
101,Eldora,Wolf,Arnaldo_Fritsch@yahoo.com
100,Gretchen,Beatty,Amalia.Rau@yahoo.com
99,Lizeth,Gerlach,Modesto8@gmail.com
98,Turner,Heathcote,Patricia21@hotmail.com
97,Damon,Mertz,Rex_Dickens@hotmail.com
96,Arvid,Windler,Annabelle.Gaylord15@gmail.com
95,Berenice,West,Gladyce29@yahoo.com
94,Wilfredo,Cruickshank,Percival_Spinka45@yahoo.com
93,Rupert,Kreiger,Jamison.Becker50@yahoo.com
92,Brooklyn,Schmidt,Zoe.Cremin5@gmail.com
91,Alexandrine,Hane,Hilma_Emard89@gmail.com
90,Simone,Buckridge,Frederick_Carter11@hotmail.com
89,Dayne,Olson,Rachel_Bosco@yahoo.com
88,Elisha,Osinski,Wilburn.Von32@yahoo.com
87,Eino,Schmeler,Arjun_Mraz@gmail.com
86,Brooks,Kuhn,Rocky7@gmail.com
85,Boyd,Beatty,Mavis_Harris87@yahoo.com
84,Dario,Reichert,Ryleigh12@gmail.com
83,Reese,Sanford,Giovani_Thiel26@hotmail.com
82,Rollin,Hartmann,Eloy.Cassin95@hotmail.com
81,Immanuel,Moen,Nolan26@yahoo.com
80,Viva,Koepp,Layne48@hotmail.com
79,Shanny,Smitham,Federico46@gmail.com
78,Everett,Batz,Imelda75@yahoo.com
77,Kaitlyn,Mayert,Jessy.Bergnaum@gmail.com
76,Jovanny,Cormier,Alanis19@yahoo.com
75,Helene,Kuhn,Connor11@yahoo.com
74,Anabel,Schulist,Katrina.Walker94@yahoo.com
73,Wanda,Kozey,Gus_Rosenbaum@yahoo.com
72,Felicia,Kub,Agustina11@gmail.com
71,Miracle,Wuckert,Elsa93@yahoo.com
70,Kasey,Hettinger,Laurel_Cole@gmail.com
69,Addison,Kihn,Caleb.Kozey@yahoo.com
68,Abigayle,Block,Mary.Will@yahoo.com
67,Jayden,Dickens,Tamia70@hotmail.com
66,Thea,Williamson,Amiya.Sporer15@yahoo.com
65,Mellie,Haag,Jameson_Bosco67@yahoo.com
64,Wilber,Goodwin,Ana.Homenick@hotmail.com
63,Mallie,Hermann,Colleen_Pacocha@hotmail.com
62,Paris,Mueller,Grady94@gmail.com
61,Izaiah,Block,Francesco_Mohr@yahoo.com
60,Adrienne,Gibson,Shayne.Erdman68@gmail.com
59,Gilda,Batz,Karli87@hotmail.com
58,Joshua,Murazik,Taya_Bruen28@hotmail.com
57,Alexandrea,Rau,Jules_Ondricka48@gmail.com
56,Pietro,Hammes,Jose_Bechtelar@gmail.com
55,Kellie,Sawayn,Nella_Ernser38@hotmail.com
54,Doris,Bayer,Tavares_Abshire@gmail.com
53,Ansel,Muller,Mozell64@gmail.com
52,Brionna,Kub,Giovanna_Bogan43@hotmail.com
51,Major,Hauck,Haskell86@hotmail.com
50,Elmore,Lesch,Isadore.Ankunding@hotmail.com
49,Eleanora,Pfeffer,Kiley_Osinski29@hotmail.com
48,Ryder,Hammes,Savanna3@gmail.com
47,Priscilla,Littel,Noah_Braun81@gmail.com
46,Jaylan,Kessler,Armani60@yahoo.com
45,Ruthie,Crona,Bert.Wiza@yahoo.com
44,Priscilla,Bode,Myrl.Jacobi@gmail.com
43,Lou,Roberts,Adelle_Russel@hotmail.com
42,Cindy,Maggio,Aracely_Hoppe@hotmail.com
41,Elroy,Kshlerin,Cayla43@gmail.com
40,Glenda,Larkin,Kylie.Hettinger@gmail.com
39,Alexanne,Tremblay,Lavinia85@yahoo.com
38,Isac,Greenfelder,Unique_Gorczany@hotmail.com
37,Hertha,Schowalter,Keven_McCullough0@hotmail.com
36,Aliya,Kertzmann,Seamus23@hotmail.com
35,Augustus,Klein,Tito.OConner88@yahoo.com
34,Mikayla,Gottlieb,Jessyca.Keeling@hotmail.com
33,Elvie,Medhurst,Antonia.Sanford90@gmail.com
32,Andre,Gusikowski,Okey47@yahoo.com
31,Ivory,Kreiger,Tyrese_Moen@hotmail.com
30,Mozelle,Goodwin,Gina.Schulist91@hotmail.com
29,Bridget,Ward,Narciso43@hotmail.com
28,Bernadine,Wisoky,Bernie.Schultz97@hotmail.com
27,Assunta,Powlowski,Herta40@gmail.com
26,Kory,Bahringer,Russ23@yahoo.com
25,Brandon,Steuber,Heaven.Cole@yahoo.com
24,Linda,Ruecker,Davin9@hotmail.com
23,Pascale,Fisher,Janelle.Oberbrunner61@yahoo.com
22,Erich,Pfannerstill,Jefferey_Feeney56@gmail.com
21,Madaline,Schmitt,Paige_Vandervort5@yahoo.com
20,Brannon,Nader,Kenyon_Lehner@yahoo.com
19,Emilie,Hane,Zella53@gmail.com
18,Erin,Doyle,Savannah.Kreiger85@hotmail.com
17,Donnie,Yundt,Jennings38@hotmail.com
16,Joel,Boehm,Kaylie40@hotmail.com
15,Skyla,Fritsch,Savion.Schneider@gmail.com
14,Brandi,Gutkowski,Sid_Little95@gmail.com
13,Craig,Kuhn,Litzy53@yahoo.com
12,Jacquelyn,Kreiger,Carleton_Goldner54@yahoo.com
11,Henriette,Hodkiewicz,Deion_Bergstrom@gmail.com
10,Christy,West,Tess55@yahoo.com
9,Justina,Reichel,Melyna.Frami@yahoo.com
8,Dianna,Lesch,Lorine.Kuphal@hotmail.com
7,Ansel,Block,Larry.West@hotmail.com
6,Devan,Nienow,Madie74@hotmail.com
5,Emile,Heidenreich,Mario_Renner@yahoo.com
4,Davonte,Huels,Monserrat.Trantow@yahoo.com
3,Margarita,Dietrich,Renee.Hirthe@hotmail.com
2,Hassan,Champlin,Jaunita.Tremblay67@yahoo.com
1,Emil,Russel,Lucius_Kirlin@yahoo.com
